Overlap_ID,Type,Taxa,SMP_No,FOV_No,DAPI_Nr_Set,DAPI_Nr_SubSet,Volume,conc.DAPI,conc.FISH
97,MESO,Bacteroidiaeroidiaeroidia,3,2,370,2,500,73641.50392,398.0621834
97,MESO,Bacteroidiaeroidiaeroidia,3,6,332,9,500,66078.32244,1791.279825
97,MESO,Bacteroidiaeroidiaeroidia,3,7,415,13,500,82597.90305,2587.404192
97,MESO,Bacteroidiaeroidiaeroidia,3,10,345,3,500,68665.72663,597.093275
97,MESO,Bacteroidiaeroidiaeroidia,3,11,391,1,500,77821.15685,199.0310917
97,MESO,Bacteroidiaeroidiaeroidia,3,16,323,6,500,64287.04261,1194.18655
97,MESO,Bacteroidiaeroidiaeroidia,3,19,437,14,500,86976.58707,2786.435284
97,MESO,Bacteroidiaeroidiaeroidia,3,20,421,7,500,83792.0896,1393.217642
97,MESO,Bacteroidiaeroidiaeroidia,3,21,378,8,500,75233.75266,1592.248733
97,MESO,Bacteroidiaeroidiaeroidia,3,22,371,4,500,73840.53501,796.1243667
97,MESO,Bacteroidiaeroidiaeroidia,3,25,341,4,500,67869.60226,796.1243667
97,MESO,Bacteroidiaeroidiaeroidia,3,31,330,5,500,65680.26026,995.1554584
97,MESO,Bacteroidiaeroidiaeroidia,3,37,332,6,500,66078.32244,1194.18655
97,MESO,Bacteroidiaeroidiaeroidia,3,41,338,1,500,67272.50899,199.0310917
97,MESO,Bacteroidiaeroidiaeroidia,3,46,343,8,500,68267.66445,1592.248733
97,MESO,Bacteroidiaeroidiaeroidia,3,47,314,5,500,62495.76279,995.1554584
97,MESO,Bacteroidiaeroidiaeroidia,3,48,346,5,500,68864.75772,995.1554584
97,MESO,Gammaproteobacteria,8,3,369,8,500,73442.47283,1592.248733
97,MESO,Gammaproteobacteria,8,4,297,3,500,59112.23423,597.093275
97,MESO,Gammaproteobacteria,8,6,392,1,500,78020.18794,199.0310917
97,MESO,Gammaproteobacteria,8,8,374,6,500,74437.62829,1194.18655
97,MESO,Gammaproteobacteria,8,12,388,6,500,77224.06357,1194.18655
97,MESO,Gammaproteobacteria,8,14,386,10,500,76826.00139,1990.310917
97,MESO,Gammaproteobacteria,8,21,351,4,500,69859.91318,796.1243667
97,MESO,Gammaproteobacteria,8,24,393,8,500,78219.21903,1592.248733
97,MESO,Gammaproteobacteria,8,27,369,6,500,73442.47283,1194.18655
97,MESO,Gammaproteobacteria,8,28,336,2,500,66874.44681,398.0621834
97,MESO,Gammaproteobacteria,8,29,418,6,500,83194.99632,1194.18655
97,MESO,Gammaproteobacteria,8,30,369,12,500,73442.47283,2388.3731
97,MESO,Gammaproteobacteria,8,32,377,1,500,75034.72156,199.0310917
97,MESO,Gammaproteobacteria,8,33,376,8,500,74835.69047,1592.248733
97,MESO,Gammaproteobacteria,8,35,373,8,500,74238.5972,1592.248733
97,MESO,Gammaproteobacteria,8,36,411,7,500,81801.77868,1393.217642
97,MESO,Gammaproteobacteria,8,46,384,1,500,76427.93921,199.0310917
97,MESO,Gammaproteobacteria,8,47,315,7,500,62694.79388,1393.217642
97,MESO,Gammaproteobacteria,8,48,436,7,500,86777.55597,1393.217642
97,MESO,Gammaproteobacteria,8,50,380,3,500,75631.81484,597.093275
97,MESO,Gammaproteobacteria,8,51,316,2,500,62893.82497,398.0621834
97,MESO,Gammaproteobacteria,8,54,406,5,500,80806.62322,995.1554584
97,MESO,EUB,28,1,253,2,500,50354.8662,398.0621834
97,MESO,EUB,28,3,370,7,500,73641.50392,1393.217642
97,MESO,EUB,28,4,362,2,500,72049.25519,398.0621834
97,MESO,EUB,28,5,358,3,500,71253.13082,597.093275
97,MESO,EUB,28,7,363,9,500,72248.28628,1791.279825
97,MESO,EUB,28,8,288,15,500,57320.9544,2985.466375
97,MESO,EUB,28,9,401,9,500,79811.46776,1791.279825
97,MESO,EUB,28,10,394,5,500,78418.25012,995.1554584
97,MESO,EUB,28,11,352,5,500,70058.94427,995.1554584
97,MESO,EUB,28,12,397,5,500,79015.3434,995.1554584
97,MESO,EUB,28,14,370,8,500,73641.50392,1592.248733
97,MESO,EUB,28,16,348,3,500,69262.81991,597.093275
97,MESO,EUB,28,18,313,4,500,62296.7317,796.1243667
97,MESO,EUB,28,19,309,1,500,61500.60733,199.0310917
97,MESO,EUB,28,20,363,8,500,72248.28628,1592.248733
97,MESO,EUB,28,21,348,8,500,69262.81991,1592.248733
97,MESO,EUB,28,25,336,5,500,66874.44681,995.1554584
97,MESO,EUB,28,26,333,2,500,66277.35353,398.0621834
97,MESO,EUB,28,27,364,10,500,72447.31737,1990.310917
97,MESO,EUB,28,28,353,8,500,70257.97536,1592.248733
97,MESO,EUB,28,29,365,2,500,72646.34846,398.0621834
97,MESO,EUB,28,31,373,4,500,74238.5972,796.1243667
97,MESO,EUB,28,33,356,21,500,70855.06864,4179.652925
97,MESO,EUB,28,35,417,9,500,82995.96523,1791.279825
97,MESO,EUB,28,36,349,2,500,69461.851,398.0621834
97,MESO,EUB,28,37,382,10,500,76029.87702,1990.310917
97,MESO,EUB,28,38,318,14,500,63291.88715,2786.435284
97,MESO,EUB,28,40,384,17,500,76427.93921,3383.528559
97,MESO,EUB,28,41,348,13,500,69262.81991,2587.404192
97,MESO,EUB,28,42,387,22,500,77025.03248,4378.684017
97,MESO,EUB,28,43,382,17,500,76029.87702,3383.528559
97,MESO,EUB,28,44,339,5,500,67471.54008,995.1554584
97,MESO,Polaribacter,3,2,370,2,500,73641.50392,398.0621834
97,MESO,Polaribacter,3,6,332,2,500,66078.32244,398.0621834
97,MESO,Polaribacter,3,7,415,6,500,82597.90305,1194.18655
97,MESO,Polaribacter,3,10,345,3,500,68665.72663,597.093275
97,MESO,Polaribacter,3,11,391,1,500,77821.15685,199.0310917
97,MESO,Polaribacter,3,16,323,1,500,64287.04261,199.0310917
97,MESO,Polaribacter,3,19,437,3,500,86976.58707,597.093275
97,MESO,Polaribacter,3,20,421,5,500,83792.0896,995.1554584
97,MESO,Polaribacter,3,21,378,1,500,75233.75266,199.0310917
97,MESO,Polaribacter,3,22,371,1,500,73840.53501,199.0310917
97,MESO,Polaribacter,3,25,341,2,500,67869.60226,398.0621834
97,MESO,Polaribacter,3,31,330,1,500,65680.26026,199.0310917
97,MESO,Polaribacter,3,37,332,2,500,66078.32244,398.0621834
97,MESO,Polaribacter,3,41,338,3,500,67272.50899,597.093275
97,MESO,Polaribacter,3,46,343,0,500,68267.66445,0
97,MESO,Polaribacter,3,47,314,1,500,62495.76279,199.0310917
97,MESO,Polaribacter,3,48,346,2,500,68864.75772,398.0621834
97,MESO,Alteromonadales,8,3,369,2,500,73442.47283,398.0621834
97,MESO,Alteromonadales,8,4,297,0,500,59112.23423,0
97,MESO,Alteromonadales,8,6,392,3,500,78020.18794,597.093275
97,MESO,Alteromonadales,8,8,374,2,500,74437.62829,398.0621834
97,MESO,Alteromonadales,8,12,388,0,500,77224.06357,0
97,MESO,Alteromonadales,8,14,386,1,500,76826.00139,199.0310917
97,MESO,Alteromonadales,8,21,351,2,500,69859.91318,398.0621834
97,MESO,Alteromonadales,8,24,393,1,500,78219.21903,199.0310917
97,MESO,Alteromonadales,8,27,369,0,500,73442.47283,0
97,MESO,Alteromonadales,8,28,336,2,500,66874.44681,398.0621834
97,MESO,Alteromonadales,8,29,418,1,500,83194.99632,199.0310917
97,MESO,Alteromonadales,8,30,369,2,500,73442.47283,398.0621834
97,MESO,Alteromonadales,8,32,377,2,500,75034.72156,398.0621834
97,MESO,Alteromonadales,8,33,376,3,500,74835.69047,597.093275
97,MESO,Alteromonadales,8,35,373,3,500,74238.5972,597.093275
97,MESO,Alteromonadales,8,36,411,0,500,81801.77868,0
97,MESO,Alteromonadales,8,46,384,3,500,76427.93921,597.093275
97,MESO,Alteromonadales,8,47,315,0,500,62694.79388,0
97,MESO,Alteromonadales,8,48,436,3,500,86777.55597,597.093275
97,MESO,Alteromonadales,8,50,380,0,500,75631.81484,0
97,MESO,Alteromonadales,8,51,316,0,500,62893.82497,0
97,MESO,Alteromonadales,8,54,406,1,500,80806.62322,199.0310917
97,MESO,SAR11_clade,28,1,253,1,500,50354.8662,199.0310917
97,MESO,SAR11_clade,28,3,370,2,500,73641.50392,398.0621834
97,MESO,SAR11_clade,28,4,362,2,500,72049.25519,398.0621834
97,MESO,SAR11_clade,28,5,358,1,500,71253.13082,199.0310917
97,MESO,SAR11_clade,28,7,363,0,500,72248.28628,0
97,MESO,SAR11_clade,28,8,288,0,500,57320.9544,0
97,MESO,SAR11_clade,28,9,401,1,500,79811.46776,199.0310917
97,MESO,SAR11_clade,28,10,394,0,500,78418.25012,0
97,MESO,SAR11_clade,28,11,352,0,500,70058.94427,0
97,MESO,SAR11_clade,28,12,397,1,500,79015.3434,199.0310917
97,MESO,SAR11_clade,28,14,370,1,500,73641.50392,199.0310917
97,MESO,SAR11_clade,28,16,348,2,500,69262.81991,398.0621834
97,MESO,SAR11_clade,28,18,313,1,500,62296.7317,199.0310917
97,MESO,SAR11_clade,28,19,309,0,500,61500.60733,0
97,MESO,SAR11_clade,28,20,363,0,500,72248.28628,0
97,MESO,SAR11_clade,28,21,348,2,500,69262.81991,398.0621834
97,MESO,SAR11_clade,28,25,336,0,500,66874.44681,0
97,MESO,SAR11_clade,28,26,333,2,500,66277.35353,398.0621834
97,MESO,SAR11_clade,28,27,364,0,500,72447.31737,0
97,MESO,SAR11_clade,28,28,353,0,500,70257.97536,0
97,MESO,SAR11_clade,28,29,365,0,500,72646.34846,0
97,MESO,SAR11_clade,28,31,373,1,500,74238.5972,199.0310917
97,MESO,SAR11_clade,28,33,356,1,500,70855.06864,199.0310917
97,MESO,SAR11_clade,28,35,417,0,500,82995.96523,0
97,MESO,SAR11_clade,28,36,349,0,500,69461.851,0
97,MESO,SAR11_clade,28,37,382,3,500,76029.87702,597.093275
97,MESO,SAR11_clade,28,38,318,1,500,63291.88715,199.0310917
97,MESO,SAR11_clade,28,40,384,2,500,76427.93921,398.0621834
97,MESO,SAR11_clade,28,41,348,0,500,69262.81991,0
97,MESO,SAR11_clade,28,42,387,1,500,77025.03248,199.0310917
97,MESO,SAR11_clade,28,43,382,3,500,76029.87702,597.093275
97,MESO,SAR11_clade,28,44,339,0,500,67471.54008,0
149,MESO,Bacteroidiaeroidiaeroidia,4,4,433,2,500,86180.4627,398.0621834
149,MESO,Bacteroidiaeroidiaeroidia,4,5,404,0,500,80408.56104,0
149,MESO,Bacteroidiaeroidiaeroidia,4,7,341,0,500,67869.60226,0
149,MESO,Bacteroidiaeroidiaeroidia,4,8,417,2,500,82995.96523,398.0621834
149,MESO,Bacteroidiaeroidiaeroidia,4,10,403,2,500,80209.52995,398.0621834
149,MESO,Bacteroidiaeroidiaeroidia,4,15,360,1,500,71651.19301,199.0310917
149,MESO,Bacteroidiaeroidiaeroidia,4,16,327,3,500,65083.16698,597.093275
149,MESO,Bacteroidiaeroidiaeroidia,4,18,324,2,500,64486.07371,398.0621834
149,MESO,Bacteroidiaeroidiaeroidia,4,19,408,9,500,81204.68541,1791.279825
149,MESO,Bacteroidiaeroidiaeroidia,4,21,338,1,500,67272.50899,199.0310917
149,MESO,Bacteroidiaeroidiaeroidia,4,22,352,1,500,70058.94427,199.0310917
149,MESO,Bacteroidiaeroidiaeroidia,4,23,380,1,500,75631.81484,199.0310917
149,MESO,Bacteroidiaeroidiaeroidia,4,24,352,2,500,70058.94427,398.0621834
149,MESO,Bacteroidiaeroidiaeroidia,4,25,349,3,500,69461.851,597.093275
149,MESO,Bacteroidiaeroidiaeroidia,4,26,392,3,500,78020.18794,597.093275
149,MESO,Bacteroidiaeroidiaeroidia,4,27,362,6,500,72049.25519,1194.18655
149,MESO,Bacteroidiaeroidiaeroidia,4,29,346,1,500,68864.75772,199.0310917
149,MESO,Bacteroidiaeroidiaeroidia,4,30,380,2,500,75631.81484,398.0621834
149,MESO,Bacteroidiaeroidiaeroidia,4,31,307,0,500,61102.54515,0
149,MESO,Bacteroidiaeroidiaeroidia,4,34,341,3,500,67869.60226,597.093275
149,MESO,Bacteroidiaeroidiaeroidia,4,36,331,0,500,65879.29135,0
149,MESO,Bacteroidiaeroidiaeroidia,4,38,429,0,500,85384.33833,0
149,MESO,Bacteroidiaeroidiaeroidia,4,40,397,3,500,79015.3434,597.093275
149,MESO,Bacteroidiaeroidiaeroidia,4,41,413,2,500,82199.84086,398.0621834
149,MESO,Bacteroidiaeroidiaeroidia,4,42,369,3,500,73442.47283,597.093275
149,MESO,Bacteroidiaeroidiaeroidia,4,45,384,8,500,76427.93921,1592.248733
149,MESO,Bacteroidiaeroidiaeroidia,4,46,343,2,500,68267.66445,398.0621834
149,MESO,Bacteroidiaeroidiaeroidia,4,47,347,0,500,69063.78881,0
149,MESO,Bacteroidiaeroidiaeroidia,4,48,318,2,500,63291.88715,398.0621834
149,MESO,Bacteroidiaeroidiaeroidia,4,49,381,3,500,75830.84593,597.093275
149,MESO,Bacteroidiaeroidiaeroidia,4,54,414,4,500,82398.87196,796.1243667
149,MESO,Bacteroidiaeroidiaeroidia,4,55,480,4,500,95534.92401,796.1243667
149,MESO,Gammaproteobacteria,7,1,297,1,500,59112.23423,199.0310917
149,MESO,Gammaproteobacteria,7,9,316,2,500,62893.82497,398.0621834
149,MESO,Gammaproteobacteria,7,11,283,1,500,56325.79895,199.0310917
149,MESO,Gammaproteobacteria,7,12,308,2,500,61301.57624,398.0621834
149,MESO,Gammaproteobacteria,7,18,259,14,500,51549.05275,2786.435284
149,MESO,Gammaproteobacteria,7,19,368,1,500,73243.44174,199.0310917
149,MESO,Gammaproteobacteria,7,20,356,0,500,70855.06864,0
149,MESO,Gammaproteobacteria,7,25,192,0,500,38213.9696,0
149,MESO,Gammaproteobacteria,7,26,306,2,500,60903.51405,398.0621834
149,MESO,Gammaproteobacteria,7,27,379,2,500,75432.78375,398.0621834
149,MESO,Gammaproteobacteria,7,32,256,0,500,50951.95947,0
149,MESO,Gammaproteobacteria,7,33,378,0,500,75233.75266,0
149,MESO,Gammaproteobacteria,7,34,425,3,500,84588.21397,597.093275
149,MESO,Gammaproteobacteria,7,36,401,4,500,79811.46776,796.1243667
149,MESO,Gammaproteobacteria,7,39,399,0,500,79413.40558,0
149,MESO,Gammaproteobacteria,7,42,302,1,500,60107.38969,199.0310917
149,MESO,Gammaproteobacteria,7,43,245,0,500,48762.61746,0
149,MESO,Gammaproteobacteria,7,44,379,6,500,75432.78375,1194.18655
149,MESO,Gammaproteobacteria,7,48,392,2,500,78020.18794,398.0621834
149,MESO,Gammaproteobacteria,7,49,389,2,500,77423.09466,398.0621834
149,MESO,Gammaproteobacteria,7,51,325,1,500,64685.1048,199.0310917
149,MESO,Gammaproteobacteria,7,53,458,2,500,91156.23999,398.0621834
149,MESO,EUB,27,1,240,1,500,47767.462,199.0310917
149,MESO,EUB,27,2,181,0,500,36024.62759,0
149,MESO,EUB,27,3,241,0,500,47966.4931,0
149,MESO,EUB,27,4,160,1,500,31844.97467,199.0310917
149,MESO,EUB,27,5,224,0,500,44582.96454,0
149,MESO,EUB,27,6,184,0,500,36621.72087,0
149,MESO,EUB,27,9,197,6,500,39209.12506,1194.18655
149,MESO,EUB,27,10,201,1,500,40005.24943,199.0310917
149,MESO,EUB,27,11,210,2,500,41796.52925,398.0621834
149,MESO,EUB,27,12,222,2,500,44184.90235,398.0621834
149,MESO,EUB,27,13,224,1,500,44582.96454,199.0310917
149,MESO,EUB,27,14,257,4,500,51150.99056,796.1243667
149,MESO,EUB,27,15,180,7,500,35825.5965,1393.217642
149,MESO,EUB,27,18,198,1,500,39408.15615,199.0310917
149,MESO,EUB,27,19,179,3,500,35626.56541,597.093275
149,MESO,EUB,27,20,229,0,500,45578.12,0
149,MESO,EUB,27,21,238,5,500,47369.39982,995.1554584
149,MESO,EUB,27,22,257,8,500,51150.99056,1592.248733
149,MESO,EUB,27,25,229,2,500,45578.12,398.0621834
149,MESO,EUB,27,26,228,1,500,45379.0889,199.0310917
149,MESO,EUB,27,27,184,3,500,36621.72087,597.093275
149,MESO,EUB,27,28,280,12,500,55728.70567,2388.3731
149,MESO,EUB,27,31,184,0,500,36621.72087,0
149,MESO,EUB,27,32,187,2,500,37218.81414,398.0621834
149,MESO,EUB,27,33,186,2,500,37019.78305,398.0621834
149,MESO,EUB,27,34,150,5,500,29854.66375,995.1554584
149,MESO,EUB,27,36,266,4,500,52942.27039,796.1243667
149,MESO,EUB,27,37,258,4,500,51350.02165,796.1243667
149,MESO,EUB,27,38,215,3,500,42791.68471,597.093275
149,MESO,EUB,27,40,215,4,500,42791.68471,796.1243667
149,MESO,EUB,27,41,285,7,500,56723.86113,1393.217642
149,MESO,EUB,27,43,228,1,500,45379.0889,199.0310917
149,MESO,EUB,27,45,122,1,500,24281.79319,199.0310917
149,MESO,Polaribacter,4,4,433,1,500,86180.4627,199.0310917
149,MESO,Polaribacter,4,5,404,0,500,80408.56104,0
149,MESO,Polaribacter,4,7,341,0,500,67869.60226,0
149,MESO,Polaribacter,4,8,417,1,500,82995.96523,199.0310917
149,MESO,Polaribacter,4,10,403,0,500,80209.52995,0
149,MESO,Polaribacter,4,15,360,0,500,71651.19301,0
149,MESO,Polaribacter,4,16,327,0,500,65083.16698,0
149,MESO,Polaribacter,4,18,324,0,500,64486.07371,0
149,MESO,Polaribacter,4,19,408,0,500,81204.68541,0
149,MESO,Polaribacter,4,21,338,0,500,67272.50899,0
149,MESO,Polaribacter,4,22,352,1,500,70058.94427,199.0310917
149,MESO,Polaribacter,4,23,380,0,500,75631.81484,0
149,MESO,Polaribacter,4,24,352,0,500,70058.94427,0
149,MESO,Polaribacter,4,25,349,0,500,69461.851,0
149,MESO,Polaribacter,4,26,392,0,500,78020.18794,0
149,MESO,Polaribacter,4,27,362,1,500,72049.25519,199.0310917
149,MESO,Polaribacter,4,29,346,0,500,68864.75772,0
149,MESO,Polaribacter,4,30,380,1,500,75631.81484,199.0310917
149,MESO,Polaribacter,4,31,307,0,500,61102.54515,0
149,MESO,Polaribacter,4,34,341,1,500,67869.60226,199.0310917
149,MESO,Polaribacter,4,36,331,0,500,65879.29135,0
149,MESO,Polaribacter,4,38,429,0,500,85384.33833,0
149,MESO,Polaribacter,4,40,397,1,500,79015.3434,199.0310917
149,MESO,Polaribacter,4,41,413,1,500,82199.84086,199.0310917
149,MESO,Polaribacter,4,42,369,1,500,73442.47283,199.0310917
149,MESO,Polaribacter,4,45,384,2,500,76427.93921,398.0621834
149,MESO,Polaribacter,4,46,343,0,500,68267.66445,0
149,MESO,Polaribacter,4,47,347,0,500,69063.78881,0
149,MESO,Polaribacter,4,48,318,0,500,63291.88715,0
149,MESO,Polaribacter,4,49,381,1,500,75830.84593,199.0310917
149,MESO,Polaribacter,4,54,414,1,500,82398.87196,199.0310917
149,MESO,Polaribacter,4,55,480,0,500,95534.92401,0
149,MESO,Alteromonadales,7,1,297,0,500,59112.23423,0
149,MESO,Alteromonadales,7,9,316,0,500,62893.82497,0
149,MESO,Alteromonadales,7,11,283,1,500,56325.79895,199.0310917
149,MESO,Alteromonadales,7,12,308,0,500,61301.57624,0
149,MESO,Alteromonadales,7,18,259,0,500,51549.05275,0
149,MESO,Alteromonadales,7,19,368,2,500,73243.44174,398.0621834
149,MESO,Alteromonadales,7,20,356,3,500,70855.06864,597.093275
149,MESO,Alteromonadales,7,25,192,0,500,38213.9696,0
149,MESO,Alteromonadales,7,26,306,1,500,60903.51405,199.0310917
149,MESO,Alteromonadales,7,27,379,0,500,75432.78375,0
149,MESO,Alteromonadales,7,32,256,0,500,50951.95947,0
149,MESO,Alteromonadales,7,33,378,0,500,75233.75266,0
149,MESO,Alteromonadales,7,34,425,2,500,84588.21397,398.0621834
149,MESO,Alteromonadales,7,36,401,3,500,79811.46776,597.093275
149,MESO,Alteromonadales,7,39,399,0,500,79413.40558,0
149,MESO,Alteromonadales,7,42,302,2,500,60107.38969,398.0621834
149,MESO,Alteromonadales,7,43,245,0,500,48762.61746,0
149,MESO,Alteromonadales,7,44,379,4,500,75432.78375,796.1243667
149,MESO,Alteromonadales,7,48,392,0,500,78020.18794,0
149,MESO,Alteromonadales,7,49,389,0,500,77423.09466,0
149,MESO,Alteromonadales,7,51,325,0,500,64685.1048,0
149,MESO,Alteromonadales,7,53,458,0,500,91156.23999,0
149,MESO,SAR11_clade,27,1,240,0,500,47767.462,0
149,MESO,SAR11_clade,27,2,181,2,500,36024.62759,398.0621834
149,MESO,SAR11_clade,27,3,241,1,500,47966.4931,199.0310917
149,MESO,SAR11_clade,27,4,160,1,500,31844.97467,199.0310917
149,MESO,SAR11_clade,27,5,224,2,500,44582.96454,398.0621834
149,MESO,SAR11_clade,27,6,184,1,500,36621.72087,199.0310917
149,MESO,SAR11_clade,27,9,197,0,500,39209.12506,0
149,MESO,SAR11_clade,27,10,201,3,500,40005.24943,597.093275
149,MESO,SAR11_clade,27,11,210,0,500,41796.52925,0
149,MESO,SAR11_clade,27,12,222,0,500,44184.90235,0
149,MESO,SAR11_clade,27,13,224,0,500,44582.96454,0
149,MESO,SAR11_clade,27,14,257,0,500,51150.99056,0
149,MESO,SAR11_clade,27,15,180,1,500,35825.5965,199.0310917
149,MESO,SAR11_clade,27,18,198,1,500,39408.15615,199.0310917
149,MESO,SAR11_clade,27,19,179,1,500,35626.56541,199.0310917
149,MESO,SAR11_clade,27,20,229,0,500,45578.12,0
149,MESO,SAR11_clade,27,21,238,5,500,47369.39982,995.1554584
149,MESO,SAR11_clade,27,22,257,2,500,51150.99056,398.0621834
149,MESO,SAR11_clade,27,25,229,2,500,45578.12,398.0621834
149,MESO,SAR11_clade,27,26,228,1,500,45379.0889,199.0310917
149,MESO,SAR11_clade,27,27,184,0,500,36621.72087,0
149,MESO,SAR11_clade,27,28,280,1,500,55728.70567,199.0310917
149,MESO,SAR11_clade,27,31,184,0,500,36621.72087,0
149,MESO,SAR11_clade,27,32,187,0,500,37218.81414,0
149,MESO,SAR11_clade,27,33,186,1,500,37019.78305,199.0310917
149,MESO,SAR11_clade,27,34,150,0,500,29854.66375,0
149,MESO,SAR11_clade,27,36,266,1,500,52942.27039,199.0310917
149,MESO,SAR11_clade,27,37,258,4,500,51350.02165,796.1243667
149,MESO,SAR11_clade,27,38,215,0,500,42791.68471,0
149,MESO,SAR11_clade,27,40,215,1,500,42791.68471,199.0310917
149,MESO,SAR11_clade,27,41,285,0,500,56723.86113,0
149,MESO,SAR11_clade,27,43,228,2,500,45379.0889,398.0621834
149,MESO,SAR11_clade,27,45,122,0,500,24281.79319,0
PS99/51_0m,Sea ice,EUB,25,1,67,40,100,66675.41571,39806.21834
PS99/51_0m,Sea ice,EUB,25,2,129,66,100,128375.0541,65680.26026
PS99/51_0m,Sea ice,EUB,25,4,118,69,100,117428.3441,68665.72663
PS99/51_0m,Sea ice,EUB,25,5,110,53,100,109467.1004,52743.2393
PS99/51_0m,Sea ice,EUB,25,6,110,69,100,109467.1004,68665.72663
PS99/51_0m,Sea ice,EUB,25,7,122,58,100,121408.9659,57719.01659
PS99/51_0m,Sea ice,EUB,25,8,81,46,100,80607.59213,45777.15109
PS99/51_0m,Sea ice,EUB,25,9,103,64,100,102501.0122,63689.94934
PS99/51_0m,Sea ice,EUB,25,11,121,59,100,120413.8105,58714.17205
PS99/51_0m,Sea ice,EUB,25,12,109,53,100,108471.945,52743.2393
PS99/51_0m,Sea ice,EUB,25,13,120,68,100,119418.655,67670.57117
PS99/51_0m,Sea ice,EUB,25,15,141,72,100,140316.9196,71651.19301
PS99/51_0m,Sea ice,EUB,25,18,128,55,100,127379.8987,54733.55021
PS99/51_0m,Sea ice,EUB,25,19,97,47,100,96530.07947,46772.30655
PS99/51_0m,Sea ice,EUB,25,20,102,55,100,101505.8568,54733.55021
PS99/51_0m,Sea ice,EUB,25,23,125,76,100,124394.4323,75631.81484
PS99/51_0m,Sea ice,EUB,25,24,158,89,100,157234.5624,88568.8358
PS99/51_0m,Sea ice,EUB,25,26,123,60,100,122404.1214,59709.3275
PS99/51_0m,Sea ice,EUB,25,28,123,67,100,122404.1214,66675.41571
PS99/51_0m,Sea ice,EUB,25,29,112,66,100,111457.4113,65680.26026
PS99/51_0m,Sea ice,EUB,25,30,121,65,100,120413.8105,64685.1048
PS99/51_0m,Sea ice,EUB,25,31,86,43,100,85583.36942,42791.68471
PS99/51_0m,Sea ice,EUB,25,32,112,53,100,111457.4113,52743.2393
PS99/51_0m,Sea ice,EUB,25,35,107,58,100,106481.6341,57719.01659
PS99/51_0m,Sea ice,EUB,25,36,127,71,100,126384.7432,70656.03755
PS99/51_0m,Sea ice,EUB,25,37,121,79,100,120413.8105,78617.28121
PS99/51_0m,Sea ice,EUB,25,38,143,85,100,142307.2306,84588.21397
PS99/51_0m,Sea ice,EUB,25,41,96,53,100,95534.92401,52743.2393
PS99/51_0m,Sea ice,EUB,25,42,110,58,100,109467.1004,57719.01659
PS99/51_0m,Sea ice,EUB,25,43,111,66,100,110462.2559,65680.26026
PS99/51_0m,Sea ice,EUB,25,45,112,71,100,111457.4113,70656.03755
PS99/51_0m,Sea ice,Gammaproteobacteria,5,1,134,7,100,133350.8314,6966.088209
PS99/51_0m,Sea ice,Gammaproteobacteria,5,2,113,15,100,112452.5668,14927.33188
PS99/51_0m,Sea ice,Gammaproteobacteria,5,3,114,11,100,113447.7223,10946.71004
PS99/51_0m,Sea ice,Gammaproteobacteria,5,4,131,20,100,130365.3651,19903.10917
PS99/51_0m,Sea ice,Gammaproteobacteria,5,8,128,7,100,127379.8987,6966.088209
PS99/51_0m,Sea ice,Gammaproteobacteria,5,10,152,16,100,151263.6297,15922.48733
PS99/51_0m,Sea ice,Gammaproteobacteria,5,11,121,16,100,120413.8105,15922.48733
PS99/51_0m,Sea ice,Gammaproteobacteria,5,12,136,12,100,135341.1423,11941.8655
PS99/51_0m,Sea ice,Gammaproteobacteria,5,13,101,7,100,100510.7013,6966.088209
PS99/51_0m,Sea ice,Gammaproteobacteria,5,15,118,6,100,117428.3441,5970.93275
PS99/51_0m,Sea ice,Gammaproteobacteria,5,17,99,11,100,98520.39038,10946.71004
PS99/51_0m,Sea ice,Gammaproteobacteria,5,19,112,9,100,111457.4113,8956.399126
PS99/51_0m,Sea ice,Gammaproteobacteria,5,20,83,5,100,82597.90305,4975.777292
PS99/51_0m,Sea ice,Gammaproteobacteria,5,24,115,11,100,114442.8777,10946.71004
PS99/51_0m,Sea ice,Gammaproteobacteria,5,26,111,9,100,110462.2559,8956.399126
PS99/51_0m,Sea ice,Gammaproteobacteria,5,27,133,5,100,132355.676,4975.777292
PS99/51_0m,Sea ice,Gammaproteobacteria,5,30,107,15,100,106481.6341,14927.33188
PS99/51_0m,Sea ice,Gammaproteobacteria,5,36,112,6,100,111457.4113,5970.93275
PS99/51_0m,Sea ice,Gammaproteobacteria,5,37,75,5,100,74636.65938,4975.777292
PS99/51_0m,Sea ice,Gammaproteobacteria,5,39,107,10,100,106481.6341,9951.554584
PS99/51_0m,Sea ice,Gammaproteobacteria,5,41,106,9,100,105486.4786,8956.399126
PS99/51_0m,Sea ice,Gammaproteobacteria,5,45,127,9,100,126384.7432,8956.399126
PS99/51_0m,Sea ice,Gammaproteobacteria,5,46,119,8,100,118423.4996,7961.243667
PS99/51_0m,Sea ice,Gammaproteobacteria,5,50,77,10,100,76626.9703,9951.554584
PS99/51_0m,Sea ice,Gammaproteobacteria,5,51,70,10,100,69660.88209,9951.554584
PS99/51_0m,Sea ice,Gammaproteobacteria,5,54,151,15,100,150268.4742,14927.33188
PS99/51_0m,Sea ice,Bacteroidiaeroidiaeroidia,1,2,102,30,100,101505.8568,29854.66375
PS99/51_0m,Sea ice,Bacteroidiaeroidiaeroidia,1,3,108,37,100,107476.7895,36820.75196
PS99/51_0m,Sea ice,Bacteroidiaeroidiaeroidia,1,7,111,42,100,110462.2559,41796.52925
PS99/51_0m,Sea ice,Bacteroidiaeroidiaeroidia,1,12,115,45,100,114442.8777,44781.99563
PS99/51_0m,Sea ice,Bacteroidiaeroidiaeroidia,1,17,111,42,100,110462.2559,41796.52925
PS99/51_0m,Sea ice,Bacteroidiaeroidiaeroidia,1,20,130,43,100,129370.2096,42791.68471
PS99/51_0m,Sea ice,Bacteroidiaeroidiaeroidia,1,21,96,27,100,95534.92401,26869.19738
PS99/51_0m,Sea ice,Bacteroidiaeroidiaeroidia,1,22,102,32,100,101505.8568,31844.97467
PS99/51_0m,Sea ice,Bacteroidiaeroidiaeroidia,1,24,93,29,100,92549.45763,28859.50829
PS99/51_0m,Sea ice,Bacteroidiaeroidiaeroidia,1,25,121,35,100,120413.8105,34830.44104
PS99/51_0m,Sea ice,Bacteroidiaeroidiaeroidia,1,27,118,39,100,117428.3441,38811.06288
PS99/51_0m,Sea ice,Bacteroidiaeroidiaeroidia,1,28,99,43,100,98520.39038,42791.68471
PS99/51_0m,Sea ice,Bacteroidiaeroidiaeroidia,1,29,149,42,100,148278.1633,41796.52925
PS99/51_0m,Sea ice,Bacteroidiaeroidiaeroidia,1,33,132,37,100,131360.5205,36820.75196
PS99/51_0m,Sea ice,Bacteroidiaeroidiaeroidia,1,35,92,32,100,91554.30217,31844.97467
PS99/51_0m,Sea ice,Bacteroidiaeroidiaeroidia,1,37,166,56,100,165195.8061,55728.70567
PS99/51_0m,Sea ice,Bacteroidiaeroidiaeroidia,1,38,116,46,100,115438.0332,45777.15109
PS99/51_0m,Sea ice,Bacteroidiaeroidiaeroidia,1,48,102,43,100,101505.8568,42791.68471
PS99/51_0m,Sea ice,Bacteroidiaeroidiaeroidia,1,51,130,50,100,129370.2096,49757.77292
PS99/51_0m,Sea ice,Bacteroidiaeroidiaeroidia,1,53,109,44,100,108471.945,43786.84017
PS99/51_0m,Sea ice,Polaribacter,1,2,102,9,100,101505.8568,8956.399126
PS99/51_0m,Sea ice,Polaribacter,1,3,108,18,100,107476.7895,17912.79825
PS99/51_0m,Sea ice,Polaribacter,1,7,111,14,100,110462.2559,13932.17642
PS99/51_0m,Sea ice,Polaribacter,1,12,115,23,100,114442.8777,22888.57554
PS99/51_0m,Sea ice,Polaribacter,1,17,111,15,100,110462.2559,14927.33188
PS99/51_0m,Sea ice,Polaribacter,1,20,130,21,100,129370.2096,20898.26463
PS99/51_0m,Sea ice,Polaribacter,1,21,96,10,100,95534.92401,9951.554584
PS99/51_0m,Sea ice,Polaribacter,1,22,102,10,100,101505.8568,9951.554584
PS99/51_0m,Sea ice,Polaribacter,1,24,93,11,100,92549.45763,10946.71004
PS99/51_0m,Sea ice,Polaribacter,1,25,121,12,100,120413.8105,11941.8655
PS99/51_0m,Sea ice,Polaribacter,1,27,118,14,100,117428.3441,13932.17642
PS99/51_0m,Sea ice,Polaribacter,1,28,99,11,100,98520.39038,10946.71004
PS99/51_0m,Sea ice,Polaribacter,1,29,149,21,100,148278.1633,20898.26463
PS99/51_0m,Sea ice,Polaribacter,1,33,132,17,100,131360.5205,16917.64279
PS99/51_0m,Sea ice,Polaribacter,1,35,92,12,100,91554.30217,11941.8655
PS99/51_0m,Sea ice,Polaribacter,1,37,166,19,100,165195.8061,18907.95371
PS99/51_0m,Sea ice,Polaribacter,1,38,116,14,100,115438.0332,13932.17642
PS99/51_0m,Sea ice,Polaribacter,1,48,102,15,100,101505.8568,14927.33188
PS99/51_0m,Sea ice,Polaribacter,1,51,130,17,100,129370.2096,16917.64279
PS99/51_0m,Sea ice,Polaribacter,1,53,109,17,100,108471.945,16917.64279
PS99/51_0m,Sea ice,Alteromonadales,5,1,134,9,100,133350.8314,8956.399126
PS99/51_0m,Sea ice,Alteromonadales,5,2,113,6,100,112452.5668,5970.93275
PS99/51_0m,Sea ice,Alteromonadales,5,3,114,6,100,113447.7223,5970.93275
PS99/51_0m,Sea ice,Alteromonadales,5,4,131,12,100,130365.3651,11941.8655
PS99/51_0m,Sea ice,Alteromonadales,5,8,128,5,100,127379.8987,4975.777292
PS99/51_0m,Sea ice,Alteromonadales,5,10,152,12,100,151263.6297,11941.8655
PS99/51_0m,Sea ice,Alteromonadales,5,11,121,6,100,120413.8105,5970.93275
PS99/51_0m,Sea ice,Alteromonadales,5,12,136,14,100,135341.1423,13932.17642
PS99/51_0m,Sea ice,Alteromonadales,5,13,101,5,100,100510.7013,4975.777292
PS99/51_0m,Sea ice,Alteromonadales,5,15,118,7,100,117428.3441,6966.088209
PS99/51_0m,Sea ice,Alteromonadales,5,17,99,5,100,98520.39038,4975.777292
PS99/51_0m,Sea ice,Alteromonadales,5,19,112,8,100,111457.4113,7961.243667
PS99/51_0m,Sea ice,Alteromonadales,5,20,83,3,100,82597.90305,2985.466375
PS99/51_0m,Sea ice,Alteromonadales,5,24,115,3,100,114442.8777,2985.466375
PS99/51_0m,Sea ice,Alteromonadales,5,26,111,6,100,110462.2559,5970.93275
PS99/51_0m,Sea ice,Alteromonadales,5,27,133,4,100,132355.676,3980.621834
PS99/51_0m,Sea ice,Alteromonadales,5,30,107,8,100,106481.6341,7961.243667
PS99/51_0m,Sea ice,Alteromonadales,5,36,112,4,100,111457.4113,3980.621834
PS99/51_0m,Sea ice,Alteromonadales,5,37,75,1,100,74636.65938,995.1554584
PS99/51_0m,Sea ice,Alteromonadales,5,39,107,13,100,106481.6341,12937.02096
PS99/51_0m,Sea ice,Alteromonadales,5,41,106,7,100,105486.4786,6966.088209
PS99/51_0m,Sea ice,Alteromonadales,5,45,127,8,100,126384.7432,7961.243667
PS99/51_0m,Sea ice,Alteromonadales,5,46,119,4,100,118423.4996,3980.621834
PS99/51_0m,Sea ice,Alteromonadales,5,50,77,7,100,76626.9703,6966.088209
PS99/51_0m,Sea ice,Alteromonadales,5,51,70,4,100,69660.88209,3980.621834
PS99/51_0m,Sea ice,Alteromonadales,5,54,151,11,100,150268.4742,10946.71004
PS99/51_0m,Sea ice,SAR11_clade,25,1,67,1,100,66675.41571,995.1554584
PS99/51_0m,Sea ice,SAR11_clade,25,2,129,9,100,128375.0541,8956.399126
PS99/51_0m,Sea ice,SAR11_clade,25,4,118,9,100,117428.3441,8956.399126
PS99/51_0m,Sea ice,SAR11_clade,25,5,110,6,100,109467.1004,5970.93275
PS99/51_0m,Sea ice,SAR11_clade,25,6,110,3,100,109467.1004,2985.466375
PS99/51_0m,Sea ice,SAR11_clade,25,7,122,8,100,121408.9659,7961.243667
PS99/51_0m,Sea ice,SAR11_clade,25,8,81,3,100,80607.59213,2985.466375
PS99/51_0m,Sea ice,SAR11_clade,25,9,103,6,100,102501.0122,5970.93275
PS99/51_0m,Sea ice,SAR11_clade,25,11,121,6,100,120413.8105,5970.93275
PS99/51_0m,Sea ice,SAR11_clade,25,12,109,8,100,108471.945,7961.243667
PS99/51_0m,Sea ice,SAR11_clade,25,13,120,7,100,119418.655,6966.088209
PS99/51_0m,Sea ice,SAR11_clade,25,15,141,4,100,140316.9196,3980.621834
PS99/51_0m,Sea ice,SAR11_clade,25,18,128,7,100,127379.8987,6966.088209
PS99/51_0m,Sea ice,SAR11_clade,25,19,97,6,100,96530.07947,5970.93275
PS99/51_0m,Sea ice,SAR11_clade,25,20,102,4,100,101505.8568,3980.621834
PS99/51_0m,Sea ice,SAR11_clade,25,23,125,3,100,124394.4323,2985.466375
PS99/51_0m,Sea ice,SAR11_clade,25,24,158,11,100,157234.5624,10946.71004
PS99/51_0m,Sea ice,SAR11_clade,25,26,123,8,100,122404.1214,7961.243667
PS99/51_0m,Sea ice,SAR11_clade,25,28,123,5,100,122404.1214,4975.777292
PS99/51_0m,Sea ice,SAR11_clade,25,29,112,3,100,111457.4113,2985.466375
PS99/51_0m,Sea ice,SAR11_clade,25,30,121,2,100,120413.8105,1990.310917
PS99/51_0m,Sea ice,SAR11_clade,25,31,86,6,100,85583.36942,5970.93275
PS99/51_0m,Sea ice,SAR11_clade,25,32,112,12,100,111457.4113,11941.8655
PS99/51_0m,Sea ice,SAR11_clade,25,35,107,5,100,106481.6341,4975.777292
PS99/51_0m,Sea ice,SAR11_clade,25,36,127,11,100,126384.7432,10946.71004
PS99/51_0m,Sea ice,SAR11_clade,25,37,121,12,100,120413.8105,11941.8655
PS99/51_0m,Sea ice,SAR11_clade,25,38,143,12,100,142307.2306,11941.8655
PS99/51_0m,Sea ice,SAR11_clade,25,41,96,3,100,95534.92401,2985.466375
PS99/51_0m,Sea ice,SAR11_clade,25,42,110,7,100,109467.1004,6966.088209
PS99/51_0m,Sea ice,SAR11_clade,25,43,111,12,100,110462.2559,11941.8655
PS99/51_0m,Sea ice,SAR11_clade,25,45,112,5,100,111457.4113,4975.777292
EG1,SED,EUB,20,1,59,7,500,386556340.7,45862616.7
EG1,SED,EUB,20,2,94,38,500,615869424.2,248968490.6
EG1,SED,EUB,20,3,71,30,500,465177969.3,196554071.6
EG1,SED,EUB,20,4,70,30,500,458626167,196554071.6
EG1,SED,EUB,20,5,93,60,500,609317621.8,393108143.1
EG1,SED,EUB,20,6,88,46,500,576558609.9,301382909.7
EG1,SED,EUB,20,7,83,28,500,543799598,183450466.8
EG1,SED,EUB,20,8,90,57,500,589662214.7,373452735.9
EG1,SED,EUB,20,9,94,57,500,615869424.2,373452735.9
EG1,SED,EUB,20,10,62,28,500,406211747.9,183450466.8
EG1,SED,EUB,20,11,80,42,500,524144190.8,275175700.2
EG1,SED,EUB,20,12,77,36,500,504488783.6,235864885.9
EG1,SED,EUB,20,13,63,19,500,412763550.3,124484245.3
EG1,SED,EUB,20,14,82,23,500,537247795.6,150691454.9
EG1,SED,EUB,20,15,101,42,500,661732040.9,275175700.2
EG1,SED,EUB,20,16,83,24,500,543799598,157243257.2
EG1,SED,EUB,20,17,90,21,500,589662214.7,137587850.1
EG1,SED,EUB,20,18,71,36,500,465177969.3,235864885.9
EG1,SED,EUB,20,19,79,25,500,517592388.4,163795059.6
EG1,SED,EUB,20,20,61,15,500,399659945.5,98277035.78
EG1,SED,SAR11_clade,20,1,59,0,500,386556340.7,0
EG1,SED,SAR11_clade,20,2,94,2,500,615869424.2,13103604.77
EG1,SED,SAR11_clade,20,3,71,2,500,465177969.3,13103604.77
EG1,SED,SAR11_clade,20,4,70,0,500,458626167,0
EG1,SED,SAR11_clade,20,5,93,6,500,609317621.8,39310814.31
EG1,SED,SAR11_clade,20,6,88,0,500,576558609.9,0
EG1,SED,SAR11_clade,20,7,83,0,500,543799598,0
EG1,SED,SAR11_clade,20,8,90,3,500,589662214.7,19655407.16
EG1,SED,SAR11_clade,20,9,94,2,500,615869424.2,13103604.77
EG1,SED,SAR11_clade,20,10,62,5,500,406211747.9,32759011.93
EG1,SED,SAR11_clade,20,11,80,1,500,524144190.8,6551802.385
EG1,SED,SAR11_clade,20,12,77,7,500,504488783.6,45862616.7
EG1,SED,SAR11_clade,20,13,63,3,500,412763550.3,19655407.16
EG1,SED,SAR11_clade,20,14,82,3,500,537247795.6,19655407.16
EG1,SED,SAR11_clade,20,15,101,13,500,661732040.9,85173431.01
EG1,SED,SAR11_clade,20,16,83,7,500,543799598,45862616.7
EG1,SED,SAR11_clade,20,17,90,2,500,589662214.7,13103604.77
EG1,SED,SAR11_clade,20,18,71,8,500,465177969.3,52414419.08
EG1,SED,SAR11_clade,20,19,79,8,500,517592388.4,52414419.08
EG1,SED,SAR11_clade,20,20,61,2,500,399659945.5,13103604.77
EG1,SED,Gammaproteobacteria,20,1,69,15,500,452074364.6,98277035.78
EG1,SED,Gammaproteobacteria,20,2,88,33,500,576558609.9,216209478.7
EG1,SED,Gammaproteobacteria,20,3,86,39,500,563455005.1,255520293
EG1,SED,Gammaproteobacteria,20,4,81,41,500,530695993.2,268623897.8
EG1,SED,Gammaproteobacteria,20,5,77,29,500,504488783.6,190002269.2
EG1,SED,Gammaproteobacteria,20,6,70,33,500,458626167,216209478.7
EG1,SED,Gammaproteobacteria,20,7,80,27,500,524144190.8,176898664.4
EG1,SED,Gammaproteobacteria,20,8,63,41,500,412763550.3,268623897.8
EG1,SED,Gammaproteobacteria,20,9,83,25,500,543799598,163795059.6
EG1,SED,Gammaproteobacteria,20,10,71,17,500,465177969.3,111380640.5
EG1,SED,Gammaproteobacteria,20,11,65,27,500,425867155,176898664.4
EG1,SED,Gammaproteobacteria,20,12,63,29,500,412763550.3,190002269.2
EG1,SED,Gammaproteobacteria,20,13,84,31,500,550351400.3,203105873.9
EG1,SED,Gammaproteobacteria,20,14,81,25,500,530695993.2,163795059.6
EG1,SED,Gammaproteobacteria,20,15,83,25,500,543799598,163795059.6
EG1,SED,Gammaproteobacteria,20,16,63,26,500,412763550.3,170346862
EG1,SED,Gammaproteobacteria,20,17,77,14,500,504488783.6,91725233.39
EG1,SED,Gammaproteobacteria,20,18,73,15,500,478281574.1,98277035.78
EG1,SED,Gammaproteobacteria,20,19,60,17,500,393108143.1,111380640.5
EG1,SED,Gammaproteobacteria,20,20,80,14,500,524144190.8,91725233.39
EG1,SED,Alteromonadales,20,1,69,3,500,452074364.6,19655407.16
EG1,SED,Alteromonadales,20,2,88,9,500,576558609.9,58966221.47
EG1,SED,Alteromonadales,20,3,86,11,500,563455005.1,72069826.24
EG1,SED,Alteromonadales,20,4,81,10,500,530695993.2,65518023.85
EG1,SED,Alteromonadales,20,5,77,9,500,504488783.6,58966221.47
EG1,SED,Alteromonadales,20,6,70,8,500,458626167,52414419.08
EG1,SED,Alteromonadales,20,7,80,6,500,524144190.8,39310814.31
EG1,SED,Alteromonadales,20,8,63,5,500,412763550.3,32759011.93
EG1,SED,Alteromonadales,20,9,83,5,500,543799598,32759011.93
EG1,SED,Alteromonadales,20,10,71,8,500,465177969.3,52414419.08
EG1,SED,Alteromonadales,20,11,65,10,500,425867155,65518023.85
EG1,SED,Alteromonadales,20,12,63,9,500,412763550.3,58966221.47
EG1,SED,Alteromonadales,20,13,84,5,500,550351400.3,32759011.93
EG1,SED,Alteromonadales,20,14,81,10,500,530695993.2,65518023.85
EG1,SED,Alteromonadales,20,15,83,13,500,543799598,85173431.01
EG1,SED,Alteromonadales,20,16,63,10,500,412763550.3,65518023.85
EG1,SED,Alteromonadales,20,17,77,0,500,504488783.6,0
EG1,SED,Alteromonadales,20,18,73,7,500,478281574.1,45862616.7
EG1,SED,Alteromonadales,20,19,60,18,500,393108143.1,117932442.9
EG1,SED,Alteromonadales,20,20,80,6,500,524144190.8,39310814.31
EG1,SED,Bacteroidiaeroidiaeroidia,20,1,50,7,500,327590119.3,45862616.7
EG1,SED,Bacteroidiaeroidiaeroidia,20,2,55,6,500,360349131.2,39310814.31
EG1,SED,Bacteroidiaeroidiaeroidia,20,3,50,6,500,327590119.3,39310814.31
EG1,SED,Bacteroidiaeroidiaeroidia,20,4,54,8,500,353797328.8,52414419.08
EG1,SED,Bacteroidiaeroidiaeroidia,20,5,57,9,500,373452735.9,58966221.47
EG1,SED,Bacteroidiaeroidiaeroidia,20,6,67,15,500,438970759.8,98277035.78
EG1,SED,Bacteroidiaeroidiaeroidia,20,7,69,11,500,452074364.6,72069826.24
EG1,SED,Bacteroidiaeroidiaeroidia,20,8,35,6,500,229313083.5,39310814.31
EG1,SED,Bacteroidiaeroidiaeroidia,20,9,49,6,500,321038316.9,39310814.31
EG1,SED,Bacteroidiaeroidiaeroidia,20,10,59,9,500,386556340.7,58966221.47
EG1,SED,Bacteroidiaeroidiaeroidia,20,11,64,8,500,419315352.6,52414419.08
EG1,SED,Bacteroidiaeroidiaeroidia,20,12,61,12,500,399659945.5,78621628.62
EG1,SED,Bacteroidiaeroidiaeroidia,20,13,47,11,500,307934712.1,72069826.24
EG1,SED,Bacteroidiaeroidiaeroidia,20,14,53,4,500,347245526.4,26207209.54
EG1,SED,Bacteroidiaeroidiaeroidia,20,15,47,6,500,307934712.1,39310814.31
EG1,SED,Bacteroidiaeroidiaeroidia,20,16,36,10,500,235864885.9,65518023.85
EG1,SED,Bacteroidiaeroidiaeroidia,20,17,49,12,500,321038316.9,78621628.62
EG1,SED,Bacteroidiaeroidiaeroidia,20,18,65,20,500,425867155,131036047.7
EG1,SED,Bacteroidiaeroidiaeroidia,20,19,59,11,500,386556340.7,72069826.24
EG1,SED,Bacteroidiaeroidiaeroidia,20,20,70,8,500,458626167,52414419.08
EG1,SED,Polaribacter,20,1,50,0,500,327590119.3,0
EG1,SED,Polaribacter,20,2,55,0,500,360349131.2,0
EG1,SED,Polaribacter,20,3,50,3,500,327590119.3,19655407.16
EG1,SED,Polaribacter,20,4,54,4,500,353797328.8,26207209.54
EG1,SED,Polaribacter,20,5,57,5,500,373452735.9,32759011.93
EG1,SED,Polaribacter,20,6,67,5,500,438970759.8,32759011.93
EG1,SED,Polaribacter,20,7,69,5,500,452074364.6,32759011.93
EG1,SED,Polaribacter,20,8,35,4,500,229313083.5,26207209.54
EG1,SED,Polaribacter,20,9,49,4,500,321038316.9,26207209.54
EG1,SED,Polaribacter,20,10,59,5,500,386556340.7,32759011.93
EG1,SED,Polaribacter,20,11,64,5,500,419315352.6,32759011.93
EG1,SED,Polaribacter,20,12,61,7,500,399659945.5,45862616.7
EG1,SED,Polaribacter,20,13,47,6,500,307934712.1,39310814.31
EG1,SED,Polaribacter,20,14,53,2,500,347245526.4,13103604.77
EG1,SED,Polaribacter,20,15,47,4,500,307934712.1,26207209.54
EG1,SED,Polaribacter,20,16,36,8,500,235864885.9,52414419.08
EG1,SED,Polaribacter,20,17,49,8,500,321038316.9,52414419.08
EG1,SED,Polaribacter,20,18,65,9,500,425867155,58966221.47
EG1,SED,Polaribacter,20,19,59,4,500,386556340.7,26207209.54
EG1,SED,Polaribacter,20,20,70,2,500,458626167,13103604.77
PS99/51_13m,Surface water,EUB,4,2,116,68,30,384793.4439,225568.5706
PS99/51_13m,Surface water,EUB,4,6,99,63,30,328401.3013,208982.6463
PS99/51_13m,Surface water,EUB,4,11,116,65,30,384793.4439,215617.016
PS99/51_13m,Surface water,EUB,4,14,110,63,30,364890.3348,208982.6463
PS99/51_13m,Surface water,EUB,4,15,107,65,30,354938.7802,215617.016
PS99/51_13m,Surface water,EUB,4,16,99,61,30,328401.3013,202348.2765
PS99/51_13m,Surface water,EUB,4,19,114,72,30,378159.0742,238837.31
PS99/51_13m,Surface water,EUB,4,20,118,76,30,391427.8136,252106.0495
PS99/51_13m,Surface water,EUB,4,22,109,66,30,361573.1499,218934.2009
PS99/51_13m,Surface water,EUB,4,23,93,53,30,308498.1921,175810.7977
PS99/51_13m,Surface water,EUB,4,25,88,53,30,291912.2678,175810.7977
PS99/51_13m,Surface water,EUB,4,26,89,52,30,295229.4527,172493.6128
PS99/51_13m,Surface water,EUB,4,27,131,84,30,434551.2168,278643.5284
PS99/51_13m,Surface water,EUB,4,32,75,50,30,248788.8646,165859.2431
PS99/51_13m,Surface water,EUB,4,37,72,44,30,238837.31,145956.1339
PS99/51_13m,Surface water,EUB,4,41,79,41,30,262057.604,136004.5793
PS99/51_13m,Surface water,EUB,4,42,73,39,30,242154.4949,129370.2096
PS99/51_13m,Surface water,EUB,4,43,115,63,30,381476.2591,208982.6463
PS99/51_13m,Surface water,EUB,4,44,90,57,30,298546.6375,189079.5371
PS99/51_13m,Surface water,EUB,4,45,79,47,30,262057.604,155907.6885
PS99/51_13m,Surface water,EUB,4,46,65,33,30,215617.016,109467.1004
PS99/51_13m,Surface water,EUB,4,47,88,50,30,291912.2678,165859.2431
PS99/51_13m,Surface water,EUB,4,49,93,51,30,308498.1921,169176.4279
PS99/51_13m,Surface water,EUB,4,51,92,60,30,305181.0072,199031.0917
PS99/51_13m,Surface water,EUB,4,52,106,62,30,351621.5953,205665.4614
PS99/51_13m,Surface water,EUB,4,53,95,63,30,315132.5618,208982.6463
PS99/51_13m,Surface water,EUB,4,54,123,77,30,408013.7379,255423.2343
PS99/51_13m,Surface water,Bacteroidiaeroidiaeroidia,4,3,142,35,30,471040.2503,116101.4701
PS99/51_13m,Surface water,Bacteroidiaeroidiaeroidia,4,5,133,35,30,441185.5866,116101.4701
PS99/51_13m,Surface water,Bacteroidiaeroidiaeroidia,4,6,122,34,30,404696.5531,112784.2853
PS99/51_13m,Surface water,Bacteroidiaeroidiaeroidia,4,7,146,38,30,484308.9898,126053.0247
PS99/51_13m,Surface water,Bacteroidiaeroidiaeroidia,4,10,148,34,30,490943.3595,112784.2853
PS99/51_13m,Surface water,Bacteroidiaeroidiaeroidia,4,11,140,30,30,464405.8806,99515.54584
PS99/51_13m,Surface water,Bacteroidiaeroidiaeroidia,4,12,123,27,30,408013.7379,89563.99126
PS99/51_13m,Surface water,Bacteroidiaeroidiaeroidia,4,13,118,32,30,391427.8136,106149.9156
PS99/51_13m,Surface water,Bacteroidiaeroidiaeroidia,4,15,156,39,30,517480.8384,129370.2096
PS99/51_13m,Surface water,Bacteroidiaeroidiaeroidia,4,16,79,17,30,262057.604,56392.14264
PS99/51_13m,Surface water,Bacteroidiaeroidiaeroidia,4,17,132,31,30,437868.4017,102832.7307
PS99/51_13m,Surface water,Bacteroidiaeroidiaeroidia,4,18,102,20,30,338352.8559,66343.69723
PS99/51_13m,Surface water,Bacteroidiaeroidiaeroidia,4,19,109,19,30,361573.1499,63026.51237
PS99/51_13m,Surface water,Bacteroidiaeroidiaeroidia,4,20,135,34,30,447819.9563,112784.2853
PS99/51_13m,Surface water,Bacteroidiaeroidiaeroidia,4,21,147,28,30,487626.1746,92881.17612
PS99/51_13m,Surface water,Bacteroidiaeroidiaeroidia,4,23,91,18,30,301863.8224,59709.3275
PS99/51_13m,Surface water,Bacteroidiaeroidiaeroidia,4,25,132,37,30,437868.4017,122735.8399
PS99/51_13m,Surface water,Bacteroidiaeroidiaeroidia,4,26,154,39,30,510846.4687,129370.2096
PS99/51_13m,Surface water,Bacteroidiaeroidiaeroidia,4,29,120,30,30,398062.1834,99515.54584
PS99/51_13m,Surface water,Bacteroidiaeroidiaeroidia,4,32,128,29,30,424599.6623,96198.36098
PS99/51_13m,Surface water,Bacteroidiaeroidiaeroidia,4,33,94,32,30,311815.377,106149.9156
PS99/51_13m,Surface water,Bacteroidiaeroidiaeroidia,4,34,131,28,30,434551.2168,92881.17612
PS99/51_13m,Surface water,Bacteroidiaeroidiaeroidia,4,35,134,34,30,444502.7714,112784.2853
PS99/51_13m,Surface water,Bacteroidiaeroidiaeroidia,4,38,145,38,30,480991.8049,126053.0247
PS99/51_13m,Surface water,Bacteroidiaeroidiaeroidia,4,39,131,32,30,434551.2168,106149.9156
PS99/51_13m,Surface water,Bacteroidiaeroidiaeroidia,4,40,145,28,30,480991.8049,92881.17612
PS99/51_13m,Surface water,Bacteroidiaeroidiaeroidia,4,41,122,30,30,404696.5531,99515.54584
PS99/51_13m,Surface water,Bacteroidiaeroidiaeroidia,4,45,128,33,30,424599.6623,109467.1004
PS99/51_13m,Surface water,Bacteroidiaeroidiaeroidia,4,46,130,25,30,431234.032,82929.62153
PS99/51_13m,Surface water,Bacteroidiaeroidiaeroidia,4,50,129,28,30,427916.8471,92881.17612
PS99/51_13m,Surface water,Bacteroidiaeroidiaeroidia,4,53,129,26,30,427916.8471,86246.8064
PS99/51_13m,Surface water,Gammaproteobacteria,11,1,91,14,30,301863.8224,46440.58806
PS99/51_13m,Surface water,Gammaproteobacteria,11,2,116,20,30,384793.4439,66343.69723
PS99/51_13m,Surface water,Gammaproteobacteria,11,3,101,13,30,335035.671,43123.4032
PS99/51_13m,Surface water,Gammaproteobacteria,11,5,70,7,30,232202.9403,23220.29403
PS99/51_13m,Surface water,Gammaproteobacteria,11,6,81,12,30,268691.9738,39806.21834
PS99/51_13m,Surface water,Gammaproteobacteria,11,7,103,13,30,341670.0407,43123.4032
PS99/51_13m,Surface water,Gammaproteobacteria,11,10,113,14,30,374841.8893,46440.58806
PS99/51_13m,Surface water,Gammaproteobacteria,11,14,50,5,30,165859.2431,16585.92431
PS99/51_13m,Surface water,Gammaproteobacteria,11,15,81,18,30,268691.9738,59709.3275
PS99/51_13m,Surface water,Gammaproteobacteria,11,16,103,19,30,341670.0407,63026.51237
PS99/51_13m,Surface water,Gammaproteobacteria,11,17,91,18,30,301863.8224,59709.3275
PS99/51_13m,Surface water,Gammaproteobacteria,11,18,100,13,30,331718.4861,43123.4032
PS99/51_13m,Surface water,Gammaproteobacteria,11,20,88,5,30,291912.2678,16585.92431
PS99/51_13m,Surface water,Gammaproteobacteria,11,21,86,9,30,285277.8981,29854.66375
PS99/51_13m,Surface water,Gammaproteobacteria,11,22,71,11,30,235520.1252,36489.03348
PS99/51_13m,Surface water,Gammaproteobacteria,11,23,121,13,30,401379.3682,43123.4032
PS99/51_13m,Surface water,Gammaproteobacteria,11,24,87,15,30,288595.0829,49757.77292
PS99/51_13m,Surface water,Gammaproteobacteria,11,25,105,19,30,348304.4104,63026.51237
PS99/51_13m,Surface water,Gammaproteobacteria,11,29,90,16,30,298546.6375,53074.95778
PS99/51_13m,Surface water,Gammaproteobacteria,11,30,101,14,30,335035.671,46440.58806
PS99/51_13m,Surface water,Gammaproteobacteria,11,32,131,14,30,434551.2168,46440.58806
PS99/51_13m,Surface water,Gammaproteobacteria,11,33,86,12,30,285277.8981,39806.21834
PS99/51_13m,Surface water,Gammaproteobacteria,11,35,65,13,30,215617.016,43123.4032
PS99/51_13m,Surface water,Gammaproteobacteria,11,36,99,14,30,328401.3013,46440.58806
PS99/51_13m,Surface water,Gammaproteobacteria,11,37,92,7,30,305181.0072,23220.29403
PS99/51_13m,Surface water,Gammaproteobacteria,11,38,129,18,30,427916.8471,59709.3275
PS99/51_13m,Surface water,Gammaproteobacteria,11,39,112,17,30,371524.7045,56392.14264
PS99/51_13m,Surface water,Gammaproteobacteria,11,41,92,18,30,305181.0072,59709.3275
PS99/51_13m,Surface water,Gammaproteobacteria,11,46,96,15,30,318449.7467,49757.77292
PS99/51_13m,Surface water,Gammaproteobacteria,11,47,107,17,30,354938.7802,56392.14264
PS99/51_13m,Surface water,Gammaproteobacteria,11,48,120,23,30,398062.1834,76295.25181
PS99/51_13m,Surface water,Gammaproteobacteria,11,51,136,15,30,451137.1411,49757.77292
PS99/51_13m,Surface water,Gammaproteobacteria,11,52,122,21,30,404696.5531,69660.88209
PS99/51_13m,Surface water,Gammaproteobacteria,11,53,158,24,30,524115.2081,79612.43667
PS99/51_13m,Surface water,Gammaproteobacteria,11,55,166,23,30,550652.687,76295.25181
PS99/51_13m,Surface water,Polaribacter,4,3,148,23,30,490943.3595,76295.25181
PS99/51_13m,Surface water,Polaribacter,4,4,117,19,30,388110.6288,63026.51237
PS99/51_13m,Surface water,Polaribacter,4,5,98,16,30,325084.1164,53074.95778
PS99/51_13m,Surface water,Polaribacter,4,7,135,30,30,447819.9563,99515.54584
PS99/51_13m,Surface water,Polaribacter,4,8,123,20,30,408013.7379,66343.69723
PS99/51_13m,Surface water,Polaribacter,4,9,102,17,30,338352.8559,56392.14264
PS99/51_13m,Surface water,Polaribacter,4,10,123,21,30,408013.7379,69660.88209
PS99/51_13m,Surface water,Polaribacter,4,11,112,22,30,371524.7045,72978.06695
PS99/51_13m,Surface water,Polaribacter,4,12,122,25,30,404696.5531,82929.62153
PS99/51_13m,Surface water,Polaribacter,4,13,124,12,30,411330.9228,39806.21834
PS99/51_13m,Surface water,Polaribacter,4,14,113,21,30,374841.8893,69660.88209
PS99/51_13m,Surface water,Polaribacter,4,15,117,29,30,388110.6288,96198.36098
PS99/51_13m,Surface water,Polaribacter,4,16,130,31,30,431234.032,102832.7307
PS99/51_13m,Surface water,Polaribacter,4,17,116,19,30,384793.4439,63026.51237
PS99/51_13m,Surface water,Polaribacter,4,18,124,17,30,411330.9228,56392.14264
PS99/51_13m,Surface water,Polaribacter,4,20,134,22,30,444502.7714,72978.06695
PS99/51_13m,Surface water,Polaribacter,4,21,132,26,30,437868.4017,86246.8064
PS99/51_13m,Surface water,Polaribacter,4,23,133,25,30,441185.5866,82929.62153
PS99/51_13m,Surface water,Polaribacter,4,24,123,27,30,408013.7379,89563.99126
PS99/51_13m,Surface water,Polaribacter,4,25,119,17,30,394744.9985,56392.14264
PS99/51_13m,Surface water,Polaribacter,4,26,135,10,30,447819.9563,33171.84861
PS99/51_13m,Surface water,Polaribacter,4,28,133,30,30,441185.5866,99515.54584
PS99/51_13m,Surface water,Polaribacter,4,29,135,32,30,447819.9563,106149.9156
PS99/51_13m,Surface water,Polaribacter,4,30,122,33,30,404696.5531,109467.1004
PS99/51_13m,Surface water,Polaribacter,4,32,111,18,30,368207.5196,59709.3275
PS99/51_13m,Surface water,Polaribacter,4,34,158,32,30,524115.2081,106149.9156
PS99/51_13m,Surface water,Polaribacter,4,36,107,19,30,354938.7802,63026.51237
PS99/51_13m,Surface water,Polaribacter,4,38,114,34,30,378159.0742,112784.2853
PS99/51_13m,Surface water,Polaribacter,4,39,141,25,30,467723.0655,82929.62153
PS99/51_13m,Surface water,Alteromonadales,11,1,110,7,30,364890.3348,23220.29403
PS99/51_13m,Surface water,Alteromonadales,11,2,145,15,30,480991.8049,49757.77292
PS99/51_13m,Surface water,Alteromonadales,11,3,125,16,30,414648.1077,53074.95778
PS99/51_13m,Surface water,Alteromonadales,11,5,91,5,30,301863.8224,16585.92431
PS99/51_13m,Surface water,Alteromonadales,11,6,108,3,30,358255.965,9951.554584
PS99/51_13m,Surface water,Alteromonadales,11,7,131,3,30,434551.2168,9951.554584
PS99/51_13m,Surface water,Alteromonadales,11,10,127,9,30,421282.4774,29854.66375
PS99/51_13m,Surface water,Alteromonadales,11,14,90,4,30,298546.6375,13268.73945
PS99/51_13m,Surface water,Alteromonadales,11,15,126,6,30,417965.2925,19903.10917
PS99/51_13m,Surface water,Alteromonadales,11,16,129,3,30,427916.8471,9951.554584
PS99/51_13m,Surface water,Alteromonadales,11,17,116,3,30,384793.4439,9951.554584
PS99/51_13m,Surface water,Alteromonadales,11,18,125,9,30,414648.1077,29854.66375
PS99/51_13m,Surface water,Alteromonadales,11,20,111,4,30,368207.5196,13268.73945
PS99/51_13m,Surface water,Alteromonadales,11,21,120,9,30,398062.1834,29854.66375
PS99/51_13m,Surface water,Alteromonadales,11,22,109,7,30,361573.1499,23220.29403
PS99/51_13m,Surface water,Alteromonadales,11,23,151,5,30,500894.9141,16585.92431
PS99/51_13m,Surface water,Alteromonadales,11,24,105,14,30,348304.4104,46440.58806
PS99/51_13m,Surface water,Alteromonadales,11,25,131,5,30,434551.2168,16585.92431
PS99/51_13m,Surface water,Alteromonadales,11,29,120,11,30,398062.1834,36489.03348
PS99/51_13m,Surface water,Alteromonadales,11,30,134,3,30,444502.7714,9951.554584
PS99/51_13m,Surface water,Alteromonadales,11,32,152,8,30,504212.0989,26537.47889
PS99/51_13m,Surface water,Alteromonadales,11,33,116,4,30,384793.4439,13268.73945
PS99/51_13m,Surface water,Alteromonadales,11,35,90,3,30,298546.6375,9951.554584
PS99/51_13m,Surface water,Alteromonadales,11,36,121,14,30,401379.3682,46440.58806
PS99/51_13m,Surface water,Alteromonadales,11,37,136,1,30,451137.1411,3317.184861
PS99/51_13m,Surface water,Alteromonadales,11,38,152,10,30,504212.0989,33171.84861
PS99/51_13m,Surface water,Alteromonadales,11,39,142,6,30,471040.2503,19903.10917
PS99/51_13m,Surface water,Alteromonadales,11,41,130,11,30,431234.032,36489.03348
PS99/51_13m,Surface water,Alteromonadales,11,46,123,5,30,408013.7379,16585.92431
PS99/51_13m,Surface water,Alteromonadales,11,47,135,16,30,447819.9563,53074.95778
PS99/51_13m,Surface water,Alteromonadales,11,48,140,6,30,464405.8806,19903.10917
PS99/51_13m,Surface water,Alteromonadales,11,51,179,12,30,593776.0902,39806.21834
PS99/51_13m,Surface water,Alteromonadales,11,52,144,5,30,477674.62,16585.92431
PS99/51_13m,Surface water,Alteromonadales,11,53,181,26,30,600410.4599,86246.8064
PS99/51_13m,Surface water,Alteromonadales,11,55,185,12,30,613679.1994,39806.21834
PS99/51_13m,Surface water,SAR11_clade,4,1,114,39,30,378159.0742,129370.2096
PS99/51_13m,Surface water,SAR11_clade,4,2,118,44,30,391427.8136,145956.1339
PS99/51_13m,Surface water,SAR11_clade,4,6,97,29,30,321766.9316,96198.36098
PS99/51_13m,Surface water,SAR11_clade,4,11,116,38,30,384793.4439,126053.0247
PS99/51_13m,Surface water,SAR11_clade,4,14,110,40,30,364890.3348,132687.3945
PS99/51_13m,Surface water,SAR11_clade,4,15,106,37,30,351621.5953,122735.8399
PS99/51_13m,Surface water,SAR11_clade,4,16,98,31,30,325084.1164,102832.7307
PS99/51_13m,Surface water,SAR11_clade,4,19,123,40,30,408013.7379,132687.3945
PS99/51_13m,Surface water,SAR11_clade,4,20,118,42,30,391427.8136,139321.7642
PS99/51_13m,Surface water,SAR11_clade,4,22,109,48,30,361573.1499,159224.8733
PS99/51_13m,Surface water,SAR11_clade,4,23,92,37,30,305181.0072,122735.8399
PS99/51_13m,Surface water,SAR11_clade,4,25,87,33,30,288595.0829,109467.1004
PS99/51_13m,Surface water,SAR11_clade,4,26,91,35,30,301863.8224,116101.4701
PS99/51_13m,Surface water,SAR11_clade,4,27,133,47,30,441185.5866,155907.6885
PS99/51_13m,Surface water,SAR11_clade,4,32,79,30,30,262057.604,99515.54584
PS99/51_13m,Surface water,SAR11_clade,4,37,74,25,30,245471.6797,82929.62153
PS99/51_13m,Surface water,SAR11_clade,4,41,81,29,30,268691.9738,96198.36098
PS99/51_13m,Surface water,SAR11_clade,4,42,72,30,30,238837.31,99515.54584
PS99/51_13m,Surface water,SAR11_clade,4,43,116,39,30,384793.4439,129370.2096
PS99/51_13m,Surface water,SAR11_clade,4,44,91,35,30,301863.8224,116101.4701
PS99/51_13m,Surface water,SAR11_clade,4,45,84,22,30,278643.5284,72978.06695
PS99/51_13m,Surface water,SAR11_clade,4,46,65,22,30,215617.016,72978.06695
PS99/51_13m,Surface water,SAR11_clade,4,47,90,27,30,298546.6375,89563.99126
PS99/51_13m,Surface water,SAR11_clade,4,49,95,34,30,315132.5618,112784.2853
PS99/51_13m,Surface water,SAR11_clade,4,51,94,30,30,311815.377,99515.54584
PS99/51_13m,Surface water,SAR11_clade,4,52,105,38,30,348304.4104,126053.0247
PS99/51_13m,Surface water,SAR11_clade,4,53,96,34,30,318449.7467,112784.2853
PS99/51_13m,Surface water,SAR11_clade,4,54,126,36,30,417965.2925,119418.655
PS99/43_28m,Surface water,EUB,12,1,199,132,30,660119.7874,437868.4017
PS99/43_28m,Surface water,EUB,12,2,160,104,30,530749.5778,344987.2256
PS99/43_28m,Surface water,EUB,12,3,163,112,30,540701.1324,371524.7045
PS99/43_28m,Surface water,EUB,12,6,173,110,30,573872.981,364890.3348
PS99/43_28m,Surface water,EUB,12,8,188,135,30,623630.7539,447819.9563
PS99/43_28m,Surface water,EUB,12,10,193,134,30,640216.6782,444502.7714
PS99/43_28m,Surface water,EUB,12,12,193,131,30,640216.6782,434551.2168
PS99/43_28m,Surface water,EUB,12,15,176,136,30,583824.5356,451137.1411
PS99/43_28m,Surface water,EUB,12,17,160,109,30,530749.5778,361573.1499
PS99/43_28m,Surface water,EUB,12,23,154,108,30,510846.4687,358255.965
PS99/43_28m,Surface water,EUB,12,28,161,110,30,534066.7627,364890.3348
PS99/43_28m,Surface water,EUB,12,31,159,111,30,527432.393,368207.5196
PS99/43_28m,Surface water,EUB,12,33,185,121,30,613679.1994,401379.3682
PS99/43_28m,Surface water,EUB,12,37,190,127,30,630265.1237,421282.4774
PS99/43_28m,Surface water,EUB,12,42,179,127,30,593776.0902,421282.4774
PS99/43_28m,Surface water,EUB,12,43,150,111,30,497577.7292,368207.5196
PS99/43_28m,Surface water,EUB,12,45,174,120,30,577190.1659,398062.1834
PS99/43_28m,Surface water,EUB,12,46,166,125,30,550652.687,414648.1077
PS99/43_28m,Surface water,EUB,12,47,204,147,30,676705.7117,487626.1746
PS99/43_28m,Surface water,EUB,12,48,155,108,30,514163.6535,358255.965
PS99/43_28m,Surface water,EUB,12,50,132,101,30,437868.4017,335035.671
PS99/43_28m,Surface water,EUB,12,51,171,111,30,567238.6113,368207.5196
PS99/43_28m,Surface water,EUB,12,53,168,108,30,557287.0567,358255.965
PS99/43_28m,Surface water,EUB,12,54,164,96,30,544018.3173,318449.7467
PS99/43_28m,Surface water,EUB,12,55,194,144,30,643533.8631,477674.62
PS99/43_28m,Surface water,Bacteroidiaeroidiaeroidia,3,2,144,30,30,477674.62,99515.54584
PS99/43_28m,Surface water,Bacteroidiaeroidiaeroidia,3,4,123,28,30,408013.7379,92881.17612
PS99/43_28m,Surface water,Bacteroidiaeroidiaeroidia,3,5,181,48,30,600410.4599,159224.8733
PS99/43_28m,Surface water,Bacteroidiaeroidiaeroidia,3,6,105,14,30,348304.4104,46440.58806
PS99/43_28m,Surface water,Bacteroidiaeroidiaeroidia,3,8,151,38,30,500894.9141,126053.0247
PS99/43_28m,Surface water,Bacteroidiaeroidiaeroidia,3,10,127,24,30,421282.4774,79612.43667
PS99/43_28m,Surface water,Bacteroidiaeroidiaeroidia,3,11,163,36,30,540701.1324,119418.655
PS99/43_28m,Surface water,Bacteroidiaeroidiaeroidia,3,12,138,30,30,457771.5109,99515.54584
PS99/43_28m,Surface water,Bacteroidiaeroidiaeroidia,3,14,145,26,30,480991.8049,86246.8064
PS99/43_28m,Surface water,Bacteroidiaeroidiaeroidia,3,16,95,29,30,315132.5618,96198.36098
PS99/43_28m,Surface water,Bacteroidiaeroidiaeroidia,3,18,153,36,30,507529.2838,119418.655
PS99/43_28m,Surface water,Bacteroidiaeroidiaeroidia,3,19,173,27,30,573872.981,89563.99126
PS99/43_28m,Surface water,Bacteroidiaeroidiaeroidia,3,20,172,55,30,570555.7962,182445.1674
PS99/43_28m,Surface water,Bacteroidiaeroidiaeroidia,3,21,184,45,30,610362.0145,149273.3188
PS99/43_28m,Surface water,Bacteroidiaeroidiaeroidia,3,22,190,47,30,630265.1237,155907.6885
PS99/43_28m,Surface water,Bacteroidiaeroidiaeroidia,3,24,144,42,30,477674.62,139321.7642
PS99/43_28m,Surface water,Bacteroidiaeroidiaeroidia,3,25,178,44,30,590458.9053,145956.1339
PS99/43_28m,Surface water,Bacteroidiaeroidiaeroidia,3,26,187,45,30,620313.5691,149273.3188
PS99/43_28m,Surface water,Bacteroidiaeroidiaeroidia,3,27,227,50,30,753000.9635,165859.2431
PS99/43_28m,Surface water,Bacteroidiaeroidiaeroidia,3,29,144,43,30,477674.62,142638.949
PS99/43_28m,Surface water,Bacteroidiaeroidiaeroidia,3,30,144,29,30,477674.62,96198.36098
PS99/43_28m,Surface water,Bacteroidiaeroidiaeroidia,3,31,199,44,30,660119.7874,145956.1339
PS99/43_28m,Surface water,Bacteroidiaeroidiaeroidia,3,32,210,40,30,696608.8209,132687.3945
PS99/43_28m,Surface water,Bacteroidiaeroidiaeroidia,3,34,224,38,30,743049.4089,126053.0247
PS99/43_28m,Surface water,Bacteroidiaeroidiaeroidia,3,35,206,44,30,683340.0814,145956.1339
PS99/43_28m,Surface water,Bacteroidiaeroidiaeroidia,3,36,196,47,30,650168.2328,155907.6885
PS99/43_28m,Surface water,Bacteroidiaeroidiaeroidia,3,37,153,34,30,507529.2838,112784.2853
PS99/43_28m,Surface water,Bacteroidiaeroidiaeroidia,3,39,186,36,30,616996.3842,119418.655
PS99/43_28m,Surface water,Bacteroidiaeroidiaeroidia,3,40,143,40,30,474357.4352,132687.3945
PS99/43_28m,Surface water,Bacteroidiaeroidiaeroidia,3,42,156,33,30,517480.8384,109467.1004
PS99/43_28m,Surface water,Bacteroidiaeroidiaeroidia,3,43,173,30,30,573872.981,99515.54584
PS99/43_28m,Surface water,Gammaproteobacteria,9,1,183,34,30,607044.8296,112784.2853
PS99/43_28m,Surface water,Gammaproteobacteria,9,3,164,30,30,544018.3173,99515.54584
PS99/43_28m,Surface water,Gammaproteobacteria,9,5,195,40,30,646851.048,132687.3945
PS99/43_28m,Surface water,Gammaproteobacteria,9,6,166,45,30,550652.687,149273.3188
PS99/43_28m,Surface water,Gammaproteobacteria,9,7,118,18,30,391427.8136,59709.3275
PS99/43_28m,Surface water,Gammaproteobacteria,9,8,175,35,30,580507.3507,116101.4701
PS99/43_28m,Surface water,Gammaproteobacteria,9,9,120,23,30,398062.1834,76295.25181
PS99/43_28m,Surface water,Gammaproteobacteria,9,10,136,22,30,451137.1411,72978.06695
PS99/43_28m,Surface water,Gammaproteobacteria,9,11,131,26,30,434551.2168,86246.8064
PS99/43_28m,Surface water,Gammaproteobacteria,9,12,169,33,30,560604.2416,109467.1004
PS99/43_28m,Surface water,Gammaproteobacteria,9,13,186,31,30,616996.3842,102832.7307
PS99/43_28m,Surface water,Gammaproteobacteria,9,14,172,39,30,570555.7962,129370.2096
PS99/43_28m,Surface water,Gammaproteobacteria,9,15,158,29,30,524115.2081,96198.36098
PS99/43_28m,Surface water,Gammaproteobacteria,9,17,178,37,30,590458.9053,122735.8399
PS99/43_28m,Surface water,Gammaproteobacteria,9,20,40,7,30,132687.3945,23220.29403
PS99/43_28m,Surface water,Gammaproteobacteria,9,21,132,28,30,437868.4017,92881.17612
PS99/43_28m,Surface water,Gammaproteobacteria,9,22,117,27,30,388110.6288,89563.99126
PS99/43_28m,Surface water,Gammaproteobacteria,9,23,157,29,30,520798.0232,96198.36098
PS99/43_28m,Surface water,Gammaproteobacteria,9,24,111,23,30,368207.5196,76295.25181
PS99/43_28m,Surface water,Gammaproteobacteria,9,25,136,23,30,451137.1411,76295.25181
PS99/43_28m,Surface water,Gammaproteobacteria,9,27,150,30,30,497577.7292,99515.54584
PS99/43_28m,Surface water,Gammaproteobacteria,9,28,173,36,30,573872.981,119418.655
PS99/43_28m,Surface water,Gammaproteobacteria,9,29,143,49,30,474357.4352,162542.0582
PS99/43_28m,Surface water,Gammaproteobacteria,9,30,199,45,30,660119.7874,149273.3188
PS99/43_28m,Surface water,Gammaproteobacteria,9,32,190,35,30,630265.1237,116101.4701
PS99/43_28m,Surface water,Gammaproteobacteria,9,33,104,19,30,344987.2256,63026.51237
PS99/43_28m,Surface water,Gammaproteobacteria,9,35,161,32,30,534066.7627,106149.9156
PS99/43_28m,Surface water,Gammaproteobacteria,9,36,141,29,30,467723.0655,96198.36098
PS99/43_28m,Surface water,Gammaproteobacteria,9,37,81,14,30,268691.9738,46440.58806
PS99/43_28m,Surface water,Gammaproteobacteria,9,38,190,36,30,630265.1237,119418.655
PS99/43_28m,Surface water,Gammaproteobacteria,9,39,186,37,30,616996.3842,122735.8399
PS99/43_28m,Surface water,Gammaproteobacteria,9,40,120,22,30,398062.1834,72978.06695
PS99/43_28m,Surface water,Gammaproteobacteria,9,41,161,25,30,534066.7627,82929.62153
PS99/43_28m,Surface water,Gammaproteobacteria,9,42,185,34,30,613679.1994,112784.2853
PS99/43_28m,Surface water,Gammaproteobacteria,9,44,157,28,30,520798.0232,92881.17612
PS99/43_28m,Surface water,Gammaproteobacteria,9,46,129,22,30,427916.8471,72978.06695
PS99/43_28m,Surface water,Gammaproteobacteria,9,47,147,35,30,487626.1746,116101.4701
PS99/43_28m,Surface water,Gammaproteobacteria,9,48,154,29,30,510846.4687,96198.36098
PS99/43_28m,Surface water,Gammaproteobacteria,9,49,169,36,30,560604.2416,119418.655
PS99/43_28m,Surface water,Gammaproteobacteria,9,50,48,9,30,159224.8733,29854.66375
PS99/43_28m,Surface water,Gammaproteobacteria,9,51,172,33,30,570555.7962,109467.1004
PS99/43_28m,Surface water,Gammaproteobacteria,9,52,171,24,30,567238.6113,79612.43667
PS99/43_28m,Surface water,Gammaproteobacteria,9,53,170,28,30,563921.4264,92881.17612
PS99/43_28m,Surface water,Gammaproteobacteria,9,54,168,29,30,557287.0567,96198.36098
PS99/43_28m,Surface water,Gammaproteobacteria,9,55,174,35,30,577190.1659,116101.4701
PS99/43_28m,Surface water,Polaribacter,3,2,144,14,30,477674.62,46440.58806
PS99/43_28m,Surface water,Polaribacter,3,4,123,13,30,408013.7379,43123.4032
PS99/43_28m,Surface water,Polaribacter,3,5,181,24,30,600410.4599,79612.43667
PS99/43_28m,Surface water,Polaribacter,3,6,105,6,30,348304.4104,19903.10917
PS99/43_28m,Surface water,Polaribacter,3,8,151,13,30,500894.9141,43123.4032
PS99/43_28m,Surface water,Polaribacter,3,10,127,13,30,421282.4774,43123.4032
PS99/43_28m,Surface water,Polaribacter,3,11,163,10,30,540701.1324,33171.84861
PS99/43_28m,Surface water,Polaribacter,3,12,138,12,30,457771.5109,39806.21834
PS99/43_28m,Surface water,Polaribacter,3,14,145,11,30,480991.8049,36489.03348
PS99/43_28m,Surface water,Polaribacter,3,16,95,11,30,315132.5618,36489.03348
PS99/43_28m,Surface water,Polaribacter,3,18,153,8,30,507529.2838,26537.47889
PS99/43_28m,Surface water,Polaribacter,3,19,173,13,30,573872.981,43123.4032
PS99/43_28m,Surface water,Polaribacter,3,20,172,39,30,570555.7962,129370.2096
PS99/43_28m,Surface water,Polaribacter,3,21,184,22,30,610362.0145,72978.06695
PS99/43_28m,Surface water,Polaribacter,3,22,190,19,30,630265.1237,63026.51237
PS99/43_28m,Surface water,Polaribacter,3,24,144,12,30,477674.62,39806.21834
PS99/43_28m,Surface water,Polaribacter,3,25,178,13,30,590458.9053,43123.4032
PS99/43_28m,Surface water,Polaribacter,3,26,187,12,30,620313.5691,39806.21834
PS99/43_28m,Surface water,Polaribacter,3,27,227,27,30,753000.9635,89563.99126
PS99/43_28m,Surface water,Polaribacter,3,29,144,13,30,477674.62,43123.4032
PS99/43_28m,Surface water,Polaribacter,3,30,144,14,30,477674.62,46440.58806
PS99/43_28m,Surface water,Polaribacter,3,31,199,15,30,660119.7874,49757.77292
PS99/43_28m,Surface water,Polaribacter,3,32,210,15,30,696608.8209,49757.77292
PS99/43_28m,Surface water,Polaribacter,3,34,224,14,30,743049.4089,46440.58806
PS99/43_28m,Surface water,Polaribacter,3,35,206,18,30,683340.0814,59709.3275
PS99/43_28m,Surface water,Polaribacter,3,36,196,23,30,650168.2328,76295.25181
PS99/43_28m,Surface water,Polaribacter,3,37,153,16,30,507529.2838,53074.95778
PS99/43_28m,Surface water,Polaribacter,3,39,186,14,30,616996.3842,46440.58806
PS99/43_28m,Surface water,Polaribacter,3,40,143,14,30,474357.4352,46440.58806
PS99/43_28m,Surface water,Polaribacter,3,42,156,11,30,517480.8384,36489.03348
PS99/43_28m,Surface water,Polaribacter,3,43,173,12,30,573872.981,39806.21834
PS99/43_28m,Surface water,Alteromonadales,9,1,182,4,30,603727.6448,13268.73945
PS99/43_28m,Surface water,Alteromonadales,9,3,163,2,30,540701.1324,6634.369723
PS99/43_28m,Surface water,Alteromonadales,9,5,195,2,30,646851.048,6634.369723
PS99/43_28m,Surface water,Alteromonadales,9,6,166,2,30,550652.687,6634.369723
PS99/43_28m,Surface water,Alteromonadales,9,7,118,2,30,391427.8136,6634.369723
PS99/43_28m,Surface water,Alteromonadales,9,8,175,3,30,580507.3507,9951.554584
PS99/43_28m,Surface water,Alteromonadales,9,9,119,1,30,394744.9985,3317.184861
PS99/43_28m,Surface water,Alteromonadales,9,10,135,3,30,447819.9563,9951.554584
PS99/43_28m,Surface water,Alteromonadales,9,11,130,5,30,431234.032,16585.92431
PS99/43_28m,Surface water,Alteromonadales,9,12,169,1,30,560604.2416,3317.184861
PS99/43_28m,Surface water,Alteromonadales,9,13,186,1,30,616996.3842,3317.184861
PS99/43_28m,Surface water,Alteromonadales,9,14,172,2,30,570555.7962,6634.369723
PS99/43_28m,Surface water,Alteromonadales,9,15,158,0,30,524115.2081,0
PS99/43_28m,Surface water,Alteromonadales,9,17,178,4,30,590458.9053,13268.73945
PS99/43_28m,Surface water,Alteromonadales,9,20,40,1,30,132687.3945,3317.184861
PS99/43_28m,Surface water,Alteromonadales,9,21,132,1,30,437868.4017,3317.184861
PS99/43_28m,Surface water,Alteromonadales,9,22,117,2,30,388110.6288,6634.369723
PS99/43_28m,Surface water,Alteromonadales,9,23,157,1,30,520798.0232,3317.184861
PS99/43_28m,Surface water,Alteromonadales,9,24,111,1,30,368207.5196,3317.184861
PS99/43_28m,Surface water,Alteromonadales,9,25,136,2,30,451137.1411,6634.369723
PS99/43_28m,Surface water,Alteromonadales,9,27,150,3,30,497577.7292,9951.554584
PS99/43_28m,Surface water,Alteromonadales,9,28,172,3,30,570555.7962,9951.554584
PS99/43_28m,Surface water,Alteromonadales,9,29,143,2,30,474357.4352,6634.369723
PS99/43_28m,Surface water,Alteromonadales,9,30,197,2,30,653485.4177,6634.369723
PS99/43_28m,Surface water,Alteromonadales,9,32,190,5,30,630265.1237,16585.92431
PS99/43_28m,Surface water,Alteromonadales,9,33,104,2,30,344987.2256,6634.369723
PS99/43_28m,Surface water,Alteromonadales,9,35,161,1,30,534066.7627,3317.184861
PS99/43_28m,Surface water,Alteromonadales,9,36,141,6,30,467723.0655,19903.10917
PS99/43_28m,Surface water,Alteromonadales,9,37,81,1,30,268691.9738,3317.184861
PS99/43_28m,Surface water,Alteromonadales,9,38,190,7,30,630265.1237,23220.29403
PS99/43_28m,Surface water,Alteromonadales,9,39,186,5,30,616996.3842,16585.92431
PS99/43_28m,Surface water,Alteromonadales,9,40,120,1,30,398062.1834,3317.184861
PS99/43_28m,Surface water,Alteromonadales,9,41,161,2,30,534066.7627,6634.369723
PS99/43_28m,Surface water,Alteromonadales,9,42,185,5,30,613679.1994,16585.92431
PS99/43_28m,Surface water,Alteromonadales,9,44,157,3,30,520798.0232,9951.554584
PS99/43_28m,Surface water,Alteromonadales,9,46,129,2,30,427916.8471,6634.369723
PS99/43_28m,Surface water,Alteromonadales,9,47,147,0,30,487626.1746,0
PS99/43_28m,Surface water,Alteromonadales,9,48,154,2,30,510846.4687,6634.369723
PS99/43_28m,Surface water,Alteromonadales,9,49,169,2,30,560604.2416,6634.369723
PS99/43_28m,Surface water,Alteromonadales,9,50,48,2,30,159224.8733,6634.369723
PS99/43_28m,Surface water,Alteromonadales,9,51,172,3,30,570555.7962,9951.554584
PS99/43_28m,Surface water,Alteromonadales,9,52,170,2,30,563921.4264,6634.369723
PS99/43_28m,Surface water,Alteromonadales,9,53,170,2,30,563921.4264,6634.369723
PS99/43_28m,Surface water,Alteromonadales,9,54,168,3,30,557287.0567,9951.554584
PS99/43_28m,Surface water,Alteromonadales,9,55,174,1,30,577190.1659,3317.184861
PS99/43_28m,Surface water,SAR11_clade,12,1,199,56,30,660119.7874,185762.3522
PS99/43_28m,Surface water,SAR11_clade,12,2,160,41,30,530749.5778,136004.5793
PS99/43_28m,Surface water,SAR11_clade,12,3,163,31,30,540701.1324,102832.7307
PS99/43_28m,Surface water,SAR11_clade,12,6,173,40,30,573872.981,132687.3945
PS99/43_28m,Surface water,SAR11_clade,12,8,188,49,30,623630.7539,162542.0582
PS99/43_28m,Surface water,SAR11_clade,12,10,193,45,30,640216.6782,149273.3188
PS99/43_28m,Surface water,SAR11_clade,12,12,193,44,30,640216.6782,145956.1339
PS99/43_28m,Surface water,SAR11_clade,12,15,176,42,30,583824.5356,139321.7642
PS99/43_28m,Surface water,SAR11_clade,12,17,160,35,30,530749.5778,116101.4701
PS99/43_28m,Surface water,SAR11_clade,12,23,154,46,30,510846.4687,152590.5036
PS99/43_28m,Surface water,SAR11_clade,12,28,161,45,30,534066.7627,149273.3188
PS99/43_28m,Surface water,SAR11_clade,12,31,159,41,30,527432.393,136004.5793
PS99/43_28m,Surface water,SAR11_clade,12,33,185,65,30,613679.1994,215617.016
PS99/43_28m,Surface water,SAR11_clade,12,37,190,52,30,630265.1237,172493.6128
PS99/43_28m,Surface water,SAR11_clade,12,42,179,38,30,593776.0902,126053.0247
PS99/43_28m,Surface water,SAR11_clade,12,43,150,35,30,497577.7292,116101.4701
PS99/43_28m,Surface water,SAR11_clade,12,45,174,51,30,577190.1659,169176.4279
PS99/43_28m,Surface water,SAR11_clade,12,46,166,35,30,550652.687,116101.4701
PS99/43_28m,Surface water,SAR11_clade,12,47,204,71,30,676705.7117,235520.1252
PS99/43_28m,Surface water,SAR11_clade,12,48,155,54,30,514163.6535,179127.9825
PS99/43_28m,Surface water,SAR11_clade,12,50,132,27,30,437868.4017,89563.99126
PS99/43_28m,Surface water,SAR11_clade,12,51,171,59,30,567238.6113,195713.9068
PS99/43_28m,Surface water,SAR11_clade,12,53,168,45,30,557287.0567,149273.3188
PS99/43_28m,Surface water,SAR11_clade,12,54,164,61,30,544018.3173,202348.2765
PS99/43_28m,Surface water,SAR11_clade,12,55,194,51,30,643533.8631,169176.4279
PS99/59_0m,Sea ice,EUB,26,8,263,67,100,261725.8856,66675.41571
PS99/59_0m,Sea ice,EUB,26,10,214,34,100,212963.2681,33835.28559
PS99/59_0m,Sea ice,EUB,26,11,209,32,100,207987.4908,31844.97467
PS99/59_0m,Sea ice,EUB,26,14,223,50,100,221919.6672,49757.77292
PS99/59_0m,Sea ice,EUB,26,17,136,35,100,135341.1423,34830.44104
PS99/59_0m,Sea ice,EUB,26,18,266,32,100,264711.3519,31844.97467
PS99/59_0m,Sea ice,EUB,26,19,210,52,100,208982.6463,51748.08384
PS99/59_0m,Sea ice,EUB,26,22,229,47,100,227890.6,46772.30655
PS99/59_0m,Sea ice,EUB,26,27,111,27,100,110462.2559,26869.19738
PS99/59_0m,Sea ice,EUB,26,29,295,63,100,293570.8602,62694.79388
PS99/59_0m,Sea ice,EUB,26,33,154,34,100,153253.9406,33835.28559
PS99/59_0m,Sea ice,EUB,26,34,289,73,100,287599.9275,72646.34846
PS99/59_0m,Sea ice,EUB,26,35,291,76,100,289590.2384,75631.81484
PS99/59_0m,Sea ice,EUB,26,36,230,26,100,228885.7554,25874.04192
PS99/59_0m,Sea ice,EUB,26,37,257,40,100,255754.9528,39806.21834
PS99/59_0m,Sea ice,EUB,26,38,328,59,100,326410.9904,58714.17205
PS99/59_0m,Sea ice,EUB,26,41,255,66,100,253764.6419,65680.26026
PS99/59_0m,Sea ice,EUB,26,42,311,18,100,309493.3476,17912.79825
PS99/59_0m,Sea ice,EUB,26,43,346,57,100,344323.7886,56723.86113
PS99/59_0m,Sea ice,EUB,26,44,295,51,100,293570.8602,50752.92838
PS99/59_0m,Sea ice,Gammaproteobacteria,6,7,257,23,100,255754.9528,22888.57554
PS99/59_0m,Sea ice,Gammaproteobacteria,6,13,232,24,100,230876.0664,23883.731
PS99/59_0m,Sea ice,Gammaproteobacteria,6,15,228,32,100,226895.4445,31844.97467
PS99/59_0m,Sea ice,Gammaproteobacteria,6,16,258,24,100,256750.1083,23883.731
PS99/59_0m,Sea ice,Gammaproteobacteria,6,19,121,9,100,120413.8105,8956.399126
PS99/59_0m,Sea ice,Gammaproteobacteria,6,21,228,25,100,226895.4445,24878.88646
PS99/59_0m,Sea ice,Gammaproteobacteria,6,23,226,26,100,224905.1336,25874.04192
PS99/59_0m,Sea ice,Gammaproteobacteria,6,31,229,24,100,227890.6,23883.731
PS99/59_0m,Sea ice,Gammaproteobacteria,6,32,237,27,100,235851.8436,26869.19738
PS99/59_0m,Sea ice,Gammaproteobacteria,6,34,194,15,100,193060.1589,14927.33188
PS99/59_0m,Sea ice,Gammaproteobacteria,6,36,209,16,100,207987.4908,15922.48733
PS99/59_0m,Sea ice,Gammaproteobacteria,6,37,187,16,100,186094.0707,15922.48733
PS99/59_0m,Sea ice,Gammaproteobacteria,6,38,260,27,100,258740.4192,26869.19738
PS99/59_0m,Sea ice,Gammaproteobacteria,6,46,200,17,100,199031.0917,16917.64279
PS99/59_0m,Sea ice,Gammaproteobacteria,6,47,296,27,100,294566.0157,26869.19738
PS99/59_0m,Sea ice,Gammaproteobacteria,6,49,284,20,100,282624.1502,19903.10917
PS99/59_0m,Sea ice,Bacteroidiaeroidiaeroidia,2,8,251,9,100,249784.0201,8956.399126
PS99/59_0m,Sea ice,Bacteroidiaeroidiaeroidia,2,15,263,9,100,261725.8856,8956.399126
PS99/59_0m,Sea ice,Bacteroidiaeroidiaeroidia,2,16,246,3,100,244808.2428,2985.466375
PS99/59_0m,Sea ice,Bacteroidiaeroidiaeroidia,2,17,276,4,100,274662.9065,3980.621834
PS99/59_0m,Sea ice,Bacteroidiaeroidiaeroidia,2,24,272,13,100,270682.2847,12937.02096
PS99/59_0m,Sea ice,Bacteroidiaeroidiaeroidia,2,29,264,25,100,262721.041,24878.88646
PS99/59_0m,Sea ice,Bacteroidiaeroidiaeroidia,2,30,313,45,100,311483.6585,44781.99563
PS99/59_0m,Sea ice,Bacteroidiaeroidiaeroidia,2,33,319,39,100,317454.5912,38811.06288
PS99/59_0m,Sea ice,Bacteroidiaeroidiaeroidia,2,34,263,48,100,261725.8856,47767.462
PS99/59_0m,Sea ice,Bacteroidiaeroidiaeroidia,2,35,321,30,100,319444.9022,29854.66375
PS99/59_0m,Sea ice,Bacteroidiaeroidiaeroidia,2,36,293,11,100,291580.5493,10946.71004
PS99/59_0m,Sea ice,Bacteroidiaeroidiaeroidia,2,37,289,13,100,287599.9275,12937.02096
PS99/59_0m,Sea ice,Bacteroidiaeroidiaeroidia,2,38,278,7,100,276653.2174,6966.088209
PS99/59_0m,Sea ice,Bacteroidiaeroidiaeroidia,2,40,273,25,100,271677.4401,24878.88646
PS99/59_0m,Sea ice,Bacteroidiaeroidiaeroidia,2,44,256,46,100,254759.7974,45777.15109
PS99/59_0m,Sea ice,Bacteroidiaeroidiaeroidia,2,47,314,17,100,312478.8139,16917.64279
PS99/59_0m,Sea ice,Bacteroidiaeroidiaeroidia,2,48,262,24,100,260730.7301,23883.731
PS99/59_0m,Sea ice,Bacteroidiaeroidiaeroidia,2,49,121,19,100,120413.8105,18907.95371
PS99/59_0m,Sea ice,Polaribacter,2,8,251,10,100,249784.0201,9951.554584
PS99/59_0m,Sea ice,Polaribacter,2,15,263,6,100,261725.8856,5970.93275
PS99/59_0m,Sea ice,Polaribacter,2,16,246,9,100,244808.2428,8956.399126
PS99/59_0m,Sea ice,Polaribacter,2,17,276,9,100,274662.9065,8956.399126
PS99/59_0m,Sea ice,Polaribacter,2,24,272,11,100,270682.2847,10946.71004
PS99/59_0m,Sea ice,Polaribacter,2,29,264,5,100,262721.041,4975.777292
PS99/59_0m,Sea ice,Polaribacter,2,30,313,13,100,311483.6585,12937.02096
PS99/59_0m,Sea ice,Polaribacter,2,33,319,10,100,317454.5912,9951.554584
PS99/59_0m,Sea ice,Polaribacter,2,34,263,19,100,261725.8856,18907.95371
PS99/59_0m,Sea ice,Polaribacter,2,35,321,15,100,319444.9022,14927.33188
PS99/59_0m,Sea ice,Polaribacter,2,36,293,8,100,291580.5493,7961.243667
PS99/59_0m,Sea ice,Polaribacter,2,37,289,16,100,287599.9275,15922.48733
PS99/59_0m,Sea ice,Polaribacter,2,38,278,10,100,276653.2174,9951.554584
PS99/59_0m,Sea ice,Polaribacter,2,40,273,11,100,271677.4401,10946.71004
PS99/59_0m,Sea ice,Polaribacter,2,44,256,14,100,254759.7974,13932.17642
PS99/59_0m,Sea ice,Polaribacter,2,47,314,13,100,312478.8139,12937.02096
PS99/59_0m,Sea ice,Polaribacter,2,48,262,7,100,260730.7301,6966.088209
PS99/59_0m,Sea ice,Polaribacter,2,49,121,9,100,120413.8105,8956.399126
PS99/59_0m,Sea ice,Alteromonadales,6,7,257,2,100,255754.9528,1990.310917
PS99/59_0m,Sea ice,Alteromonadales,6,13,232,0,100,230876.0664,0
PS99/59_0m,Sea ice,Alteromonadales,6,15,228,0,100,226895.4445,0
PS99/59_0m,Sea ice,Alteromonadales,6,16,258,4,100,256750.1083,3980.621834
PS99/59_0m,Sea ice,Alteromonadales,6,19,121,1,100,120413.8105,995.1554584
PS99/59_0m,Sea ice,Alteromonadales,6,21,228,1,100,226895.4445,995.1554584
PS99/59_0m,Sea ice,Alteromonadales,6,23,226,1,100,224905.1336,995.1554584
PS99/59_0m,Sea ice,Alteromonadales,6,31,229,2,100,227890.6,1990.310917
PS99/59_0m,Sea ice,Alteromonadales,6,32,237,1,100,235851.8436,995.1554584
PS99/59_0m,Sea ice,Alteromonadales,6,34,194,1,100,193060.1589,995.1554584
PS99/59_0m,Sea ice,Alteromonadales,6,36,209,1,100,207987.4908,995.1554584
PS99/59_0m,Sea ice,Alteromonadales,6,37,187,2,100,186094.0707,1990.310917
PS99/59_0m,Sea ice,Alteromonadales,6,38,260,6,100,258740.4192,5970.93275
PS99/59_0m,Sea ice,Alteromonadales,6,46,200,2,100,199031.0917,1990.310917
PS99/59_0m,Sea ice,Alteromonadales,6,47,296,2,100,294566.0157,1990.310917
PS99/59_0m,Sea ice,Alteromonadales,6,49,284,1,100,282624.1502,995.1554584
PS99/59_0m,Sea ice,SAR11_clade,26,8,263,1,100,261725.8856,995.1554584
PS99/59_0m,Sea ice,SAR11_clade,26,10,214,0,100,212963.2681,0
PS99/59_0m,Sea ice,SAR11_clade,26,11,209,0,100,207987.4908,0
PS99/59_0m,Sea ice,SAR11_clade,26,14,223,3,100,221919.6672,2985.466375
PS99/59_0m,Sea ice,SAR11_clade,26,17,136,0,100,135341.1423,0
PS99/59_0m,Sea ice,SAR11_clade,26,18,266,1,100,264711.3519,995.1554584
PS99/59_0m,Sea ice,SAR11_clade,26,19,210,1,100,208982.6463,995.1554584
PS99/59_0m,Sea ice,SAR11_clade,26,22,229,1,100,227890.6,995.1554584
PS99/59_0m,Sea ice,SAR11_clade,26,27,111,1,100,110462.2559,995.1554584
PS99/59_0m,Sea ice,SAR11_clade,26,29,295,1,100,293570.8602,995.1554584
PS99/59_0m,Sea ice,SAR11_clade,26,33,154,1,100,153253.9406,995.1554584
PS99/59_0m,Sea ice,SAR11_clade,26,34,289,1,100,287599.9275,995.1554584
PS99/59_0m,Sea ice,SAR11_clade,26,35,291,4,100,289590.2384,3980.621834
PS99/59_0m,Sea ice,SAR11_clade,26,36,230,1,100,228885.7554,995.1554584
PS99/59_0m,Sea ice,SAR11_clade,26,37,257,2,100,255754.9528,1990.310917
PS99/59_0m,Sea ice,SAR11_clade,26,38,328,4,100,326410.9904,3980.621834
PS99/59_0m,Sea ice,SAR11_clade,26,41,255,3,100,253764.6419,2985.466375
PS99/59_0m,Sea ice,SAR11_clade,26,42,311,2,100,309493.3476,1990.310917
PS99/59_0m,Sea ice,SAR11_clade,26,43,346,2,100,344323.7886,1990.310917
PS99/59_0m,Sea ice,SAR11_clade,26,44,295,0,100,293570.8602,0
N5,SED,EUB,20,1,137,67,625,1121996158,548713449.7
N5,SED,EUB,20,2,128,38,625,1048288382,311210613.3
N5,SED,EUB,20,3,143,69,625,1171134676,565092955.7
N5,SED,EUB,20,4,125,65,625,1023719123,532333943.8
N5,SED,EUB,20,5,134,86,625,1097426899,704318756.4
N5,SED,EUB,20,6,133,44,625,1089237147,360349131.2
N5,SED,EUB,20,7,126,42,625,1031908876,343969625.2
N5,SED,EUB,20,8,149,60,625,1220273194,491385178.9
N5,SED,EUB,20,9,121,54,625,990960110.7,442246661
N5,SED,EUB,20,10,109,56,625,892683075,458626167
N5,SED,EUB,20,11,102,48,625,835354804.1,393108143.1
N5,SED,EUB,20,12,119,59,625,974580604.8,483195425.9
N5,SED,EUB,20,13,138,46,625,1130185911,376728637.1
N5,SED,EUB,20,14,112,62,625,917252333.9,507764684.8
N5,SED,EUB,20,15,147,45,625,1203893688,368538884.2
N5,SED,EUB,20,16,131,63,625,1072857641,515954437.8
N5,SED,EUB,20,17,113,54,625,925442086.9,442246661
N5,SED,EUB,20,18,105,34,625,859924063,278451601.4
N5,SED,EUB,20,19,156,54,625,1277601465,442246661
N5,SED,EUB,20,20,131,66,625,1072857641,540523696.8
N5,SED,SAR11_clade,20,1,137,2,625,1121996158,16379505.96
N5,SED,SAR11_clade,20,2,128,0,625,1048288382,0
N5,SED,SAR11_clade,20,3,143,2,625,1171134676,16379505.96
N5,SED,SAR11_clade,20,4,125,3,625,1023719123,24569258.94
N5,SED,SAR11_clade,20,5,134,2,625,1097426899,16379505.96
N5,SED,SAR11_clade,20,6,133,3,625,1089237147,24569258.94
N5,SED,SAR11_clade,20,7,126,3,625,1031908876,24569258.94
N5,SED,SAR11_clade,20,8,149,4,625,1220273194,32759011.93
N5,SED,SAR11_clade,20,9,121,0,625,990960110.7,0
N5,SED,SAR11_clade,20,10,109,2,625,892683075,16379505.96
N5,SED,SAR11_clade,20,11,102,1,625,835354804.1,8189752.981
N5,SED,SAR11_clade,20,12,119,0,625,974580604.8,0
N5,SED,SAR11_clade,20,13,138,0,625,1130185911,0
N5,SED,SAR11_clade,20,14,112,2,625,917252333.9,16379505.96
N5,SED,SAR11_clade,20,15,147,0,625,1203893688,0
N5,SED,SAR11_clade,20,16,131,3,625,1072857641,24569258.94
N5,SED,SAR11_clade,20,17,113,2,625,925442086.9,16379505.96
N5,SED,SAR11_clade,20,18,105,1,625,859924063,8189752.981
N5,SED,SAR11_clade,20,19,156,4,625,1277601465,32759011.93
N5,SED,SAR11_clade,20,20,131,2,625,1072857641,16379505.96
N5,SED,Gammaproteobacteria,20,1,128,14,625,1048288382,114656541.7
N5,SED,Gammaproteobacteria,20,2,129,14,625,1056478135,114656541.7
N5,SED,Gammaproteobacteria,20,3,117,12,625,958201098.8,98277035.78
N5,SED,Gammaproteobacteria,20,4,104,7,625,851734310.1,57328270.87
N5,SED,Gammaproteobacteria,20,5,65,11,625,532333943.8,90087282.79
N5,SED,Gammaproteobacteria,20,6,72,5,625,589662214.7,40948764.91
N5,SED,Gammaproteobacteria,20,7,92,8,625,753457274.3,65518023.85
N5,SED,Gammaproteobacteria,20,8,96,9,625,786216286.2,73707776.83
N5,SED,Gammaproteobacteria,20,9,112,7,625,917252333.9,57328270.87
N5,SED,Gammaproteobacteria,20,10,92,12,625,753457274.3,98277035.78
N5,SED,Gammaproteobacteria,20,11,106,11,625,868113816,90087282.79
N5,SED,Gammaproteobacteria,20,12,92,4,625,753457274.3,32759011.93
N5,SED,Gammaproteobacteria,20,13,94,9,625,769836780.2,73707776.83
N5,SED,Gammaproteobacteria,20,14,82,4,625,671559744.5,32759011.93
N5,SED,Gammaproteobacteria,20,15,88,4,625,720698262.4,32759011.93
N5,SED,Gammaproteobacteria,20,16,125,5,625,1023719123,40948764.91
N5,SED,Gammaproteobacteria,20,17,98,3,625,802595792.2,24569258.94
N5,SED,Gammaproteobacteria,20,18,110,2,625,900872827.9,16379505.96
N5,SED,Gammaproteobacteria,20,19,132,3,625,1081047394,24569258.94
N5,SED,Gammaproteobacteria,20,20,100,10,625,818975298.1,81897529.81
N5,SED,Alteromonadales,20,1,128,4,625,1048288382,32759011.93
N5,SED,Alteromonadales,20,2,129,8,625,1056478135,65518023.85
N5,SED,Alteromonadales,20,3,117,5,625,958201098.8,40948764.91
N5,SED,Alteromonadales,20,4,104,5,625,851734310.1,40948764.91
N5,SED,Alteromonadales,20,5,65,8,625,532333943.8,65518023.85
N5,SED,Alteromonadales,20,6,72,3,625,589662214.7,24569258.94
N5,SED,Alteromonadales,20,7,92,4,625,753457274.3,32759011.93
N5,SED,Alteromonadales,20,8,96,3,625,786216286.2,24569258.94
N5,SED,Alteromonadales,20,9,112,5,625,917252333.9,40948764.91
N5,SED,Alteromonadales,20,10,92,5,625,753457274.3,40948764.91
N5,SED,Alteromonadales,20,11,106,6,625,868113816,49138517.89
N5,SED,Alteromonadales,20,12,92,2,625,753457274.3,16379505.96
N5,SED,Alteromonadales,20,13,94,3,625,769836780.2,24569258.94
N5,SED,Alteromonadales,20,14,82,2,625,671559744.5,16379505.96
N5,SED,Alteromonadales,20,15,88,3,625,720698262.4,24569258.94
N5,SED,Alteromonadales,20,16,125,3,625,1023719123,24569258.94
N5,SED,Alteromonadales,20,17,98,2,625,802595792.2,16379505.96
N5,SED,Alteromonadales,20,18,110,0,625,900872827.9,0
N5,SED,Alteromonadales,20,19,132,2,625,1081047394,16379505.96
N5,SED,Alteromonadales,20,20,100,6,625,818975298.1,49138517.89
N5,SED,Bacteroidiaeroidiaeroidia,20,1,107,21,625,876303569,171984812.6
N5,SED,Bacteroidiaeroidiaeroidia,20,2,87,11,625,712508509.4,90087282.79
N5,SED,Bacteroidiaeroidiaeroidia,20,3,112,7,625,917252333.9,57328270.87
N5,SED,Bacteroidiaeroidiaeroidia,20,4,122,9,625,999149863.7,73707776.83
N5,SED,Bacteroidiaeroidiaeroidia,20,5,108,15,625,884493322,122846294.7
N5,SED,Bacteroidiaeroidiaeroidia,20,6,132,18,625,1081047394,147415553.7
N5,SED,Bacteroidiaeroidiaeroidia,20,7,94,18,625,769836780.2,147415553.7
N5,SED,Bacteroidiaeroidiaeroidia,20,8,83,18,625,679749497.4,147415553.7
N5,SED,Bacteroidiaeroidiaeroidia,20,9,100,20,625,818975298.1,163795059.6
N5,SED,Bacteroidiaeroidiaeroidia,20,10,132,17,625,1081047394,139225800.7
N5,SED,Bacteroidiaeroidiaeroidia,20,11,125,20,625,1023719123,163795059.6
N5,SED,Bacteroidiaeroidiaeroidia,20,12,102,21,625,835354804.1,171984812.6
N5,SED,Bacteroidiaeroidiaeroidia,20,13,87,14,625,712508509.4,114656541.7
N5,SED,Bacteroidiaeroidiaeroidia,20,14,128,17,625,1048288382,139225800.7
N5,SED,Bacteroidiaeroidiaeroidia,20,15,97,14,625,794406039.2,114656541.7
N5,SED,Bacteroidiaeroidiaeroidia,20,16,105,21,625,859924063,171984812.6
N5,SED,Bacteroidiaeroidiaeroidia,20,17,91,18,625,745267521.3,147415553.7
N5,SED,Bacteroidiaeroidiaeroidia,20,18,85,23,625,696129003.4,188364318.6
N5,SED,Bacteroidiaeroidiaeroidia,20,19,101,20,625,827165051.1,163795059.6
N5,SED,Bacteroidiaeroidiaeroidia,20,20,112,19,625,917252333.9,155605306.6
N5,SED,Polaribacter,20,1,107,7,625,876303569,57328270.87
N5,SED,Polaribacter,20,2,87,9,625,712508509.4,73707776.83
N5,SED,Polaribacter,20,3,112,5,625,917252333.9,40948764.91
N5,SED,Polaribacter,20,4,122,8,625,999149863.7,65518023.85
N5,SED,Polaribacter,20,5,108,10,625,884493322,81897529.81
N5,SED,Polaribacter,20,6,132,10,625,1081047394,81897529.81
N5,SED,Polaribacter,20,7,94,12,625,769836780.2,98277035.78
N5,SED,Polaribacter,20,8,83,5,625,679749497.4,40948764.91
N5,SED,Polaribacter,20,9,100,12,625,818975298.1,98277035.78
N5,SED,Polaribacter,20,10,132,11,625,1081047394,90087282.79
N5,SED,Polaribacter,20,11,125,10,625,1023719123,81897529.81
N5,SED,Polaribacter,20,12,102,12,625,835354804.1,98277035.78
N5,SED,Polaribacter,20,13,87,5,625,712508509.4,40948764.91
N5,SED,Polaribacter,20,14,128,9,625,1048288382,73707776.83
N5,SED,Polaribacter,20,15,97,10,625,794406039.2,81897529.81
N5,SED,Polaribacter,20,16,105,10,625,859924063,81897529.81
N5,SED,Polaribacter,20,17,91,9,625,745267521.3,73707776.83
N5,SED,Polaribacter,20,18,85,16,625,696129003.4,131036047.7
N5,SED,Polaribacter,20,19,101,4,625,827165051.1,32759011.93
N5,SED,Polaribacter,20,20,112,15,625,917252333.9,122846294.7
